Hash,Ply,GamePly,FEN,HasCastled,Eval,Result
77C51D9E08C4CFE5,44,113,3r1r1k/1pq2pp1/p4n1p/P2bp3/8/2N1Q2P/1PP1BPP1/R2R2K1 w - - 0 23,3,-21,0.5
40E22C66F91971B5,44,97,2q3rk/1rnbppbn/p5p1/P1pPp2p/2P2P2/2NBB1N1/R1Q3PP/3R3K w - - 0 23,3,223,1.0
05F5B9C1E13B6DB2,55,204,r2br2k/3b1pp1/2p4p/P2p4/8/1NN1R1P1/2P2PP1/R5K1 b - - 0 28,3,-111,0.0
B7F72DC9E8B257F2,97,131,8/3b1pk1/3Q2p1/1pnPp2p/4P1P1/2q1N2P/2B2P2/5K2 b - g3 0 49,3,-252,1.0
D30ED7CEEA0347BF,45,105,3r2k1/1p3ppp/rnp1pn2/1p6/3PP3/P3BPP1/1P5P/2R1RBK1 b - - 8 23,3,135,0.5
5FBA2109603D3D66,139,162,8/4k3/r6p/4P1pP/4n3/8/6K1/5R2 b - - 4 70,3,-835,0.0
B616FCC024D2C623,165,178,8/5K2/3k4/5P2/4R3/8/7r/8 b - - 2 83,3,412,1.0
6C02A2DF1DFF27D4,71,137,8/2p3b1/1p2k2p/4p2P/p1P1B3/P3P3/1P2KPP1/8 b - - 1 36,0,342,1.0
FF9F28B98001BC81,88,110,2r2rk1/5p2/b3p2p/p1npP2B/1q1N3P/1PR2QPK/8/2R5 w - - 13 45,3,4,1.0
C804494384061CA0,26,207,r1bq1rk1/pp2b1pp/1nn1p3/3pPp2/3P4/1BN1BN2/PP2QPPP/R4RK1 w - - 0 14,3,119,1.0
BC575E8C388FDC8F,13,136,rnbq1rk1/p1p1bppp/3p1n2/1P2p3/4P3/1P4P1/PB1P1PBP/RN1QK1NR b KQ - 0 7,2,-12,0.0
09A8F052553A1F05,85,168,8/5pk1/3q2p1/7p/5P1P/1Q4P1/2r1b3/2R1R1K1 b - - 0 43,3,-325,0.0
FA217B6A6E22831E,62,94,2r5/1p4k1/p1r3pp/3pp3/3p1n1P/P2BnP2/1P1R3P/2N3RK w - - 6 32,3,-819,0.0
EE5CA779D9009B8E,82,146,8/7p/6p1/8/p1N4n/1k1K1P2/7P/8 w - - 0 42,3,-375,0.0
A17F024BEDDBD093,138,151,8/bp6/2p1k3/P3n1p1/2P2p1p/1KP2P2/4B1P1/4B3 w - - 36 70,1,-85,0.5
4A73470F5753CA95,41,112,r1b1rnk1/2qnbpp1/7p/p1pNp3/P3P3/4BN1P/2Q2PP1/1R1R1BK1 b - - 0 21,3,249,1.0
285EB8915A6AEAC3,87,371,8/5pk1/1q4p1/3p3p/2p2R1P/2P2RP1/5P2/6K1 b - - 2 44,3,-22,0.5
913090CEFB57B26F,79,96,4r1k1/2r3pp/1p2pp2/p5P1/PbPPRP2/5NKP/8/2R5 b - - 0 40,3,-69,0.5
11171943F8C20771,79,113,8/q4pk1/1p3n2/4NPpp/3PP3/5RrP/6P1/2Q3K1 b - - 2 40,3,330,1.0
9593FA85C2B786D9,92,133,8/r5k1/3NQnp1/8/8/2b4P/5P2/5K2 w - - 8 47,3,465,1.0
915E00C8F47122D4,64,133,4r1k1/Q3bp2/8/2pBq1p1/2Pp3p/P2P2PP/5PK1/1R6 w - - 0 33,3,256,1.0
F5193B6C8805F64F,43,155,1r3rk1/1b1q2bp/pp1p4/3Ppp2/P6P/1PRP4/3B1PB1/3QR1K1 b - - 0 22,3,-46,0.5
22AD23AB97192EDB,29,74,r2q1rk1/3b1pbp/4pnp1/p2p4/3P4/RBP2N2/1P3PPP/2BQR1K1 b - - 1 15,3,-12,1.0
F4C4143FEA9E4F1D,83,135,8/5pk1/1R5p/5Pp1/1P6/8/1r4PK/8 b - - 2 42,3,-25,0.0
D6DDCA1B25EF0707,101,138,8/7p/p3k3/P5PP/2p1p3/4K3/8/8 b - - 5 51,2,-294,0.0
B67D4755894A2202,58,85,4r2k/1r3qbn/ppNP4/4P1p1/P1p2p1p/2N1B1nP/1P1Q2P1/1R2R1K1 w - - 0 30,3,291,1.0
98DF9A2C5F053A99,41,54,r3k2r/pp3pp1/3qp1p1/3p2P1/3P4/7P/PP2Q1P1/4RRK1 b kq - 0 21,1,-218,0.0
3561D06F10955B00,57,133,r1r5/1qbn1pkn/2bp2p1/pp2p1Pp/4PP2/PN1B3P/NPPQ1B2/1K1R1R2 b - - 0 29,1,-105,1.0
CA127E7978F8D4C0,124,149,2n2k2/8/4R3/3N4/1p6/5P1K/6PP/1r6 w - - 4 63,3,274,1.0
88E364CB7CCED146,107,225,8/5rpk/4Q2p/8/4P3/4b2P/6K1/8 b - - 0 54,3,233,0.5
8BD26B81BC276245,121,176,8/1p4p1/p7/3p1p1k/1P1Q2b1/2B5/4q3/6K1 b - - 3 61,3,-576,0.0
C5405E825D2587E9,19,151,rn1qk2r/1p2ppb1/p1p2npp/2Pp4/3P1B2/2NQPN1P/PP3PP1/R3K2R b KQkq - 0 10,0,45,1.0
2E3016F661AEAFE1,25,127,rnbq1rk1/p3ppbp/2p3p1/1pPp3n/3P3B/2NBP3/PPQ2PPP/2R1K1NR b K - 1 13,2,18,0.5
E3D72ABDD14CB036,39,319,5rk1/p2q1pp1/1p2b2p/3p4/3Q4/4PBP1/PP2P2P/2R3K1 b - - 1 20,3,11,1.0
287608524D9F0109,89,175,5k2/5p2/5rpp/1N1R4/1b6/4P2P/5PP1/6K1 b - - 0 45,3,136,1.0
B6DA6AD7E8801204,172,264,3Q4/5p1k/6b1/2r4p/8/5P2/6P1/5K2 w - - 8 87,3,286,0.5
7A90FE6DB366DD50,34,113,2q2rk1/p2n1pp1/1p3b1p/2r5/4B3/2N2Q2/PP3PPP/2RR2K1 w - - 2 18,3,-18,0.5
5FAF2B0ED1205201,158,233,2r2bk1/1b2q2p/6p1/p2p1p1P/Pn1N4/1QB1P1P1/4BPK1/1R6 w - - 37 80,3,155,0.5
114A098070C23CBE,88,141,1b6/p2b1kp1/5p1p/B1p5/4p2P/1P2P1P1/PN3P2/4K3 w - - 1 45,3,-9,0.0
654FD7A17ACF1936,49,76,5rk1/pp1Q1p1p/6p1/8/P6P/4P3/1q3PP1/5RK1 b - h3 0 25,3,94,0.5
0FF274F7A89F54DE,17,79,r1b1k1nr/1pqp1ppp/p1nbp3/8/3NP1P1/P1N1B3/1PP2P1P/R2QKB1R b KQkq - 2 9,0,26,1.0
A730366782FAFA32,17,45,rn3rk1/pp1qppbp/3p1np1/2p5/4P3/2PP1N2/PP3PPP/RNBQR1K1 b - - 0 9,3,-7,0.5
E44A86455405A464,189,279,7k/4R3/r7/6K1/7P/8/8/8 b - - 24 95,3,114,1.0
6992C61BE1C16F05,62,119,3r4/1q2bk2/p1rpb2p/3Np3/2B2p1P/QP1R2P1/P4P2/3R2K1 w - - 0 32,1,198,1.0
14B6EEA8FCCA247C,75,87,7k/3b3p/1p6/p2p2P1/3P1r2/P3K3/1P4B1/4R3 b - - 1 38,3,94,1.0
28769D695F9216C1,103,142,8/7p/R4pk1/5p2/4r2P/6K1/8/8 b - - 1 52,3,-338,0.0
F85600366974C9E0,80,220,5r2/2N3pk/7p/5b2/3R4/PP4p1/2P3P1/5K2 w - - 0 41,1,103,0.0
CAC2E71C28388673,71,122,6k1/6p1/5r1p/8/P2pR3/1P6/2rB1b1P/3R3K b - - 0 36,3,-107,0.5
C243B236F8B89E6B,152,210,8/5p1p/pk2p1p1/1p1pP1P1/1P1P4/PK5P/3B4/8 w - - 18 77,3,299,0.5
2F63B7DBB12B2B4C,99,147,7r/3R4/1k4KP/8/pbP2BBP/1r3P2/8/8 b - - 3 50,2,287,1.0
AC6A55B10E094C8F,41,95,r4rk1/4b1pp/nP1pp3/p2b1p2/3P1B2/5NP1/P3PPBP/R2R2K1 b - - 0 21,3,147,1.0
C9AF548494B53528,69,120,2r1r1k1/1p4pp/pBp2pn1/5R2/1P2P1q1/P1QP2P1/7P/5RK1 b - - 1 35,3,36,0.5
046233C951408D97,39,116,r2b1rk1/5ppp/1pN5/p2N4/P1p5/1P1b4/5PPP/2RR2K1 b - - 1 20,3,69,1.0
378A1EE14EFA87E0,58,138,5rk1/6pp/B1P3n1/5p2/p2rp3/1p6/R2N1PPP/5RK1 w - - 0 30,3,123,0.0
26E422A25A8727CB,153,173,8/8/2b3p1/5rP1/7B/4K3/2k5/8 b - - 7 77,3,-988,0.0
335414FBBD448124,27,83,r1b2rk1/ppp1bppp/4q3/3nN3/8/6P1/PPPBQPBP/R3R1K1 b - - 8 14,3,135,1.0
5E19A9B9DF2D3D87,64,86,2r3k1/5pp1/p6p/1p1q4/3P1P2/P3Q1P1/7P/3R2K1 w - - 8 33,3,-175,0.0
F20FB8B5A197639D,28,104,2r1k2r/2qnbpp1/p2pbn2/1p2p3/4PP1p/1NNBB2P/PPPQ2P1/1K1R1R2 w k - 2 15,1,135,0.0
1AC1FE6A76DB1DF4,45,175,r4k2/pp3pbp/1n4p1/1P2P3/6P1/1P5P/1P3PK1/R3R3 b - - 1 23,3,-4,1.0
4D2D0AC69CD612C4,104,185,8/2k5/6p1/1pP3R1/rP2bP1P/1K6/1B4p1/8 w - - 6 53,1,-82,0.0
2FA49C23B8C63C7C,40,74,1r1qk2r/4bp2/R2p2p1/1p1Ppn2/8/2P3P1/1P3PB1/2BQ1RK1 w k - 0 21,1,146,0.0
AC1D34B8FD35B895,21,127,rnbq1rk1/4bppp/1pp2n2/p2p2B1/P2P4/2N1PN2/1P2BPPP/2RQ1RK1 b - - 1 11,3,92,0.5
CF6965A65E5DBD66,30,138,r1b2rk1/pp3qp1/2np1b1p/3N1p2/2PPp2P/1P4P1/P3BP2/R1BQK2R w KQ - 1 16,2,60,1.0
30FCB2E00C271E19,138,211,8/8/1N6/8/8/3k3b/2p5/B1K5 w - - 27 70,2,73,0.5
35411F8A616E1ACA,76,99,7k/8/4Pbpp/5p2/3q2P1/1Bp5/2Q1PP1P/6K1 w - - 1 39,3,123,0.5
E86AD7290A105E0E,135,146,5K2/8/6p1/7p/2k1r3/P7/3q4/8 b - - 3 68,0,-3043,0.0
A2A71C8BC521C1BD,77,120,8/4kp2/8/pBp3p1/3bK1P1/1P3P2/2P5/8 b - - 1 39,3,121,0.5
162E5F5C4784334C,22,58,1r2kb1r/p1pqn1p1/Q1n1p2p/8/3pP3/5N2/PP1B1PPP/RN3RK1 w k - 0 12,1,90,0.5
FAAE67B50B45E9D9,44,92,6k1/pp3rbp/2np1pp1/3Nr3/8/4BP1q/PP1Q3N/2RR2K1 w - - 1 23,3,157,1.0
7D14A94CA1D2B63D,83,167,3r2k1/3qb1p1/p4p1p/R2Pp3/1P5P/P1BQR1P1/5PK1/2r5 b - - 3 42,3,220,1.0
A2A84915A349EE8F,122,138,6k1/5pp1/3q4/8/5PP1/5R2/6KP/8 w - - 0 62,3,-768,0.0
7299E9916E5ED821,50,102,3rr1k1/1p3p1p/p1p3p1/6n1/1P6/5P2/P1R3PP/B1R3K1 w - - 1 26,3,-29,0.0
CA3480C60644F390,37,142,r5k1/p1pb1pp1/1p1q3p/2p1r3/2P1PR2/2QP3P/PP4P1/R2B2K1 b - - 0 19,3,-189,0.0
2F49CDC4FC0BBF27,111,182,2r5/4Rp2/2bk1P1p/7P/p2P4/K7/7P/8 b - - 1 56,3,-572,0.0
BAEA53AE347A4CF1,81,122,8/R7/2B2b1k/1K3P2/1P5p/P2r4/8/8 b - - 4 41,0,259,1.0
23ED0CE89A928241,106,269,2R5/6k1/p6p/5pb1/3P4/4PN1P/r7/4K3 w - - 2 54,3,-7,0.5
C6D724CCB7DBF91C,56,73,b2r2k1/5p2/p3p2p/1R2b1q1/2Pp1N2/3Pn1P1/P1NQ1R1P/6K1 w - - 0 29,3,120,1.0
F4E0D513CDED679E,130,159,R7/3n4/1p1k4/6K1/P7/8/3pB1PP/4r3 w - - 29 66,3,-35,0.5
2C0F9CAD8499D3E4,71,263,3r2k1/2b2pp1/8/1q1p3Q/p2P2P1/3b1P2/BP3BK1/7R b - - 2 36,3,87,0.5
BB410AAA53EDB0C0,249,396,6r1/4p3/2p1k1p1/2p4p/1pP1PRnP/pP4P1/P3K3/3R4 b - - 62 125,3,8,0.0
C73CC8D51F8B72EF,87,98,8/6kp/1N3pp1/8/3PB3/7P/1p3PPK/2r5 b - - 3 44,3,-379,0.0
EB44816C9D2D430B,19,83,rn1q1rk1/pp2bppp/4pn2/2pp4/4P3/P1NP1Q1P/1PP1BPP1/R1B1R1K1 b - - 1 10,3,17,1.0
88AEFE6B693022A9,87,121,5k2/p5n1/1p2p3/4R1P1/3P4/1PP5/5K2/8 b - - 4 44,3,699,1.0
ADC1285E6D033474,33,215,r1bqk3/1p3p1p/p1p3r1/4p3/2P1P1n1/2Q3Pp/PPB2P2/RN3RK1 b q - 4 17,1,-290,0.5
5D7BE07585E2B443,85,103,3R4/pBr1q1kp/Pn3pp1/2r5/8/2pQP2P/2R2PP1/6K1 b - - 1 43,3,62,1.0
2F9D964D52F1E04A,18,168,r1bqr1k1/pp1nppbp/5np1/3p2B1/2pP4/2PBPN2/PP1N1PPP/R2QR1K1 w - - 0 10,3,28,0.0
3AD168BBF51B81AE,40,79,3r1r1k/pq2b2p/1pp1Pp1p/2P5/4P1Q1/2N3P1/PP4KP/R4R2 w - - 0 21,3,208,1.0
505FDF75CAD98D5A,23,155,r1bqr1k1/ppp2pp1/3p1n1p/3Nn3/2P1p3/1PP3P1/P3PPBP/R1BQ1RK1 b - - 0 12,3,9,0.5
72C58E1E86C52AE1,123,150,6kr/8/2p3PP/2ppbP2/8/2r1B3/5K2/8 b - - 3 62,1,-1798,0.0
3D6322C9C9B71AAA,32,79,r1bq1r1k/1p1n2bn/p2p4/2pP1p2/P4P1p/2NB4/1P3NPP/R1BQ1RK1 w - - 0 17,3,150,1.0
3E53BC897E96B6FB,60,81,6k1/1p3pb1/p3q2p/P2Nn2Q/1P6/6BP/5PPK/8 w - - 1 31,3,249,0.5
0E77738AEFC7258E,60,87,k6r/2rb2p1/4p2p/p2pPp1P/PR1P4/3N4/5PP1/1R4K1 w - - 0 31,3,408,1.0
9DFAE872A07A4245,33,107,2r2r2/p2qp1kp/1pn2pp1/2pn4/4N3/1P1PPN2/PQ3PPP/2RR2K1 b - - 3 17,3,3,0.5
AE1F7C8600A25B51,101,157,8/2Q2pk1/8/4p2r/4P3/1P3P2/6K1/8 b - - 2 51,3,1100,1.0
A9B4945B62D4A4E4,198,249,2K5/8/8/8/8/4k3/8/7Q w - - 15 100,1,1643,1.0
2F9CC3FD46691D8F,30,79,r1q2rk1/1p3ppp/p2bp3/n1n2b2/7B/1BN2N1P/PPP1QPP1/R4RK1 w - - 0 16,3,15,0.5
DC083B330C41F4AF,19,95,r2qkb1r/3b1p1p/p2p1np1/1pp1p3/4P3/PPN2P2/1BPP1QPP/R3K1NR b KQkq - 1 10,0,-15,0.5
A366617E30A8A306,72,129,6r1/pp1nbN2/2k5/2P1p3/P1R3p1/4Pn1p/1B3P2/3R3K w - - 6 37,1,130,0.5
2387897DE3A8381A,88,101,6b1/p5P1/1p1npK2/1P6/4B3/P1k5/2P5/8 w - - 1 45,3,-200,0.0
C781C44FBC65AEE7,40,81,3r1rk1/p4pbp/2nNb1p1/2q5/3p4/P4B2/1P3PPP/R1BQR1K1 w - - 0 21,3,138,1.0
81F5DA3DD4847C74,77,137,8/4rk2/p4qp1/1p2np2/2pQ4/2P4P/P5P1/3RR2K b - - 11 39,3,50,1.0
30A9C1573D8BC9F8,190,207,8/3k4/7p/6p1/R5Pr/8/6K1/8 w - - 79 96,3,-83,0.5
B9A99E1EF0FD7D15,20,143,r3k2r/pp3ppp/2nqpn2/3p4/8/3PPN2/PP1N1PPP/2RQK2R w Kkq - 0 11,0,4,0.5
A75400D9389E0059,54,132,r3r1k1/1b1n1p2/p1qB2p1/1pP3PB/4p3/2P1Q3/P6P/R4RK1 w - - 0 28,3,-4,0.5
92B00C022F948CF6,114,147,6k1/3R4/6N1/1p4P1/5P1P/1n6/3pK3/2b5 w - - 1 58,3,899,1.0
2D30C23CD3538BBE,86,109,6b1/8/2p5/p1p3N1/PpP1P1K1/1P1k3p/7P/8 w - - 0 44,1,10,0.0
C4298FED133185E1,39,81,r1r3kb/2n1pp1p/p2p2p1/QppPn1B1/2P1P3/Pq2N3/1P2BPPP/1RR3K1 b - - 3 20,3,132,1.0
2CEDFBA2E2A8090E,153,214,5B2/5p1k/b6P/4P3/6r1/3pK3/8/3R4 b - - 35 77,2,-69,0.5
97000A9AF47C9CF6,44,169,1rr3k1/p1q1pp1p/3p2p1/3P4/1p1PP3/3Q2PP/Pp3PB1/R2R2K1 w - - 0 23,3,347,1.0
48F6775EB8399017,51,164,r3r3/1p3kpp/p3R3/5P2/8/BP1b4/P2P2PP/4R1K1 b - - 2 26,3,357,1.0
9DAB8BC92DE092F4,135,156,8/4B3/8/PK6/6Pp/4bk2/8/8 b - - 0 68,2,-28,0.5
B020D303F1B3B313,87,151,5q1k/1rp4n/P2p1nR1/1N1Pp2p/2P1Pr2/6Q1/2K1B3/6R1 b - - 0 44,2,355,1.0
7D9E9C3C30024003,33,79,2r1r1k1/pbpq1pbp/1pn3p1/4pn2/QP2N3/P2PPNP1/1B3PBP/2RR2K1 b - - 10 17,3,145,1.0
F021D46BD45D3401,16,125,rnbq1rk1/2p1ppb1/p2p1npp/1p6/3PP3/2N1BN2/PPP1BPPP/R2Q1RK1 w - b6 0 9,3,28,1.0
7143FBAD1CD46836,70,124,3r2k1/6p1/1p5p/p7/P1Pb3P/1P2p3/2B1K1b1/3R4 w - - 0 36,3,-720,0.0
52D3CD90FFDC0DE2,25,68,r2q1rk1/1b1nbppp/p2p1n2/1ppP4/4PB2/2N2N1P/PPB2PP1/R2Q1RK1 b - - 2 13,3,31,0.0
0E9BF7DD56358BE5,83,103,4r3/6k1/p5pp/1p6/2q5/5R1B/6P1/R6K b - - 1 42,3,-885,0.5
69109DD45720C808,53,97,r1r5/p1P2kpp/2bB1p2/4p3/1P3P2/4N1P1/4P2P/R4K2 b - f3 0 27,3,-26,0.5
A13D744501546515,59,210,r1bqr1k1/1p3pp1/pPp2n2/2Pp1Pp1/P5N1/3BPR1P/2Q3P1/2R3K1 b - - 1 30,3,113,1.0
15EB5B421A6BB821,24,84,r1b2rk1/pp2ppbp/6p1/q1P1n1P1/2B5/2N1PQ2/PP2NPP1/3RK2R w K - 5 13,2,112,1.0
D620F9D61F8974D8,47,77,2rb1r1k/pp4Rp/3RpP2/4p2Q/4P3/4B3/1PPK1P1P/q7 b - - 3 24,3,219,1.0
222B1052E958ACE5,87,151,r5k1/5pp1/1q2p2p/1PP5/1Q6/1K5P/2R5/8 b - - 0 44,3,147,0.5
9A325497F52061C8,96,157,6k1/2r2p2/1p5p/2Bpb1p1/8/R3PP1P/3RK1P1/1r6 w - - 2 49,3,-196,0.0
E8FD41DF1ADDE0DD,77,148,5r1k/4r1p1/p6p/2p4P/B1P3b1/N5P1/PP1R2K1/8 b - - 2 39,3,-536,0.0
2B452ABED4912387,47,96,2r5/p2bk3/1b2pp2/1p1pn2B/8/PN3N2/2P1RPPP/6K1 b - - 3 24,1,-383,0.0
B6081A1BB530BCE2,68,321,r3r3/3n2qk/1np1p1pb/5p2/p2P3p/P1N2R1P/1PB2PPB/3RQ1K1 w - - 6 35,3,62,0.5
F43F03FE6D70E2DB,101,151,1R6/5p2/1P5k/5p1p/8/6PP/6PK/1r6 b - - 8 51,3,255,0.5
4E34A52010B8C714,32,180,2r2rk1/ppB2ppp/4b3/3q4/3P4/8/PP3PPP/R2QR1K1 w - - 1 17,3,25,0.5
726BDFA219D455B0,59,221,3b1rk1/1p3ppp/8/1b3r2/1P3N2/6P1/3B1P1P/1R2R1K1 b - - 2 30,3,-78,0.5
583C82C162FF30FF,26,130,rq3rk1/2p1bppp/p1p1pn2/P7/2pP4/2N3P1/1PQ1PP1P/R1BR2K1 w - - 1 14,3,-40,0.0
39C7527B8430EEBF,106,146,8/4q1pk/b3P1Rp/3Q3P/1p6/1P6/2P5/7K w - - 1 54,3,611,1.0
1C7C1548AF016E32,65,113,2r1r3/2p2pbk/2Pp1np1/4q3/6P1/1PNR3P/P1Q3B1/5R1K b - - 0 33,3,55,1.0
BE34C3280B23502F,168,214,8/8/3p4/3B2k1/2N2bb1/7p/8/5K2 w - - 0 85,3,-508,0.0
429AB869CCB78BAE,146,249,8/6K1/8/4R3/1p2n3/4k3/8/8 w - - 0 74,0,39,0.5
80A9544A137EE965,13,108,r1bq1rk1/ppp2ppp/2np1n2/2b1p3/1PP5/P1N1P1P1/3P1PBP/R1BQK1NR b KQ b3 0 7,2,88,1.0
393A2F3BBE390701,144,162,1r5k/5pp1/7p/4n3/8/4N1P1/1r3P1K/5R2 w - - 3 73,3,-1201,0.0
70E35BCCB233DDCA,59,97,1r3k2/5ppb/3p3p/p1pB4/6P1/PP5P/2P1RP2/6K1 b - - 0 30,3,28,0.5
32306629847FC7DA,118,131,8/4k3/p2p2P1/P1p1b2N/K1P5/8/8/8 w - - 23 60,3,82,0.5
A6ACD3CA4B49C48E,97,128,8/pn1P2k1/1p2Q3/2p1p3/2P1Pq2/2P2B2/P5P1/5K2 b - - 4 49,3,386,1.0
2F512DC49B8C03BA,195,207,8/8/7P/1p1k4/7R/r3BK2/8/8 b - - 4 98,3,1105,1.0
E4A484A8BAD1CCA4,46,159,r1k5/pp5p/q1pb1np1/5p2/P2PrN2/1BP1P3/1P4P1/1K1QR2R w - - 1 24,1,72,1.0
1938BAED3837E37B,71,163,5rk1/2Q2pp1/4p3/B2p3p/1P6/P3PN2/6P1/4qbK1 b - - 1 36,3,-547,0.0
3FFF4EFBDFD6A115,45,73,r2r2k1/pp1b1p1p/1q4pQ/5p2/2B4R/2P5/PP4PP/5R1K b - - 3 23,3,201,1.0
6424CAD040055B7B,29,195,r1b2rk1/1ppq1pb1/2n1p1p1/3n2Np/p2PP2P/5NP1/PP3PB1/R1BQR1K1 b - - 0 15,3,84,1.0
DB6E8B0E9AE853B8,41,151,r3r1k1/ppq2pp1/2ppnn1p/P3b3/1P2P2P/R1N1BBP1/2PQ1P2/3R2K1 b - - 0 21,3,-10,1.0
53780F072769F77D,29,194,r2q1rk1/pp3ppp/2np1n2/4p1B1/N1PbP3/6P1/PP2QPBP/R4RK1 b - - 1 15,3,-27,0.5
1D6542FE08C098AA,61,117,2r3k1/1p1q1p2/1pn2P2/p1b1p1B1/P3P2P/1QPP4/4B2K/R7 b - - 0 31,3,364,1.0
A431170795EE47EE,153,196,8/2r5/1p2r1k1/pPp1Pqp1/2Pp1p1p/1P1P1Q1P/4R1P1/4R1K1 b - - 57 77,3,-126,0.0
CB2EDC790E70438F,29,107,r4rk1/p1p2ppp/1pb2n2/3p4/1q1P1B2/6P1/PP1QPP1P/R3KB1R b KQ - 5 15,2,5,0.5
C40D9E01F5D99B78,169,238,8/8/6K1/8/1p5q/1k6/4b3/Q7 b - - 31 85,3,-962,0.5
CAF2923B15B2D857,108,121,8/p3Ppkp/5p2/P1K2P2/7P/6P1/2b1B3/8 w - - 1 55,3,1877,1.0
8D7B27FBE9F56602,132,157,R7/2N5/3k4/8/p7/8/8/6K1 w - - 2 67,3,1625,1.0
014BC54F2080C234,46,93,1n1q1k1r/2r1npp1/pp1pp3/3p2p1/PP1P2P1/Q1PBPP2/3NK2P/2R4R w - - 2 24,0,2,1.0
1FFDE95CA9AE51E4,125,252,8/7k/4p1Rp/7P/4r3/7K/6P1/8 b - - 8 63,2,17,0.5
5470F9F680AE2A00,56,76,4rbk1/1q3pp1/p1Nr1n1p/4p3/1PR5/5P2/P1Q2BPP/5R1K w - - 0 29,3,90,0.0
213F66A3E0D9317A,165,218,8/8/2p1pk1p/2P3p1/1K4b1/8/8/8 b - - 1 83,1,-1491,0.0
59416EDB93698F21,22,127,r3k2r/p1ppbppp/bnp5/4P3/1qP1Q3/8/PP1NBPPP/R1B1K2R w KQkq - 7 12,0,151,1.0
C539587FBB35FA0B,116,153,8/8/1p4p1/2kp1pp1/PR6/2P1KPP1/4N2P/4q3 w - - 0 59,1,-257,0.5
CD95213867493A1E,242,426,8/5p2/4pB2/4P1P1/3b1K2/7k/8/8 w - - 21 122,3,-37,0.5
2FAAF1902D8ED129,58,173,r5k1/5ppp/2Nbp3/3q4/2RP4/1P2Q1PP/P4P2/6K1 w - - 3 30,3,251,1.0
45869FA7B2652F49,92,121,8/5pp1/4pk1n/N6p/5P1P/1R4P1/2r5/4K3 w - - 5 47,3,-342,0.0
F74A0563D4C0BF3A,230,319,8/2B5/p3k1p1/Pb6/8/6KP/6P1/8 w - - 48 116,1,184,0.5
C45997A9746CEB75,49,107,6k1/3n2pp/2qp1b2/5P2/1r6/2N4P/1P3P2/2BQR1K1 b - - 0 25,3,22,0.5
BB12460ADF7A4981,139,185,3k4/1p3K2/2p1RP2/2P5/7r/8/8/8 b - - 4 70,1,324,1.0
C0E66552AD40FE82,31,136,2bk3r/pp1n1ppp/8/2bN4/1P1p1p2/8/P1P2PPP/2KR3R b - b3 0 16,1,-251,0.5
00B31FDF12F4BEAF,71,135,8/p4p1p/3pr3/2p3k1/3p4/1P3K2/P2R3P/3N4 b - - 7 36,3,-109,0.5
3353313D24E0D030,38,117,r4rk1/1p3p1p/3ppnpQ/p1p2q2/2Pn4/P1NP1BP1/1P2PPKP/1R2R3 w - - 0 20,3,73,0.5
40843A7B28550C7F,154,205,8/8/p7/P4k2/8/8/8/1K6 w - - 0 78,3,29,0.5
C8CF0924E9EEF04D,65,118,3r1rk1/6bp/pR3pp1/2pN4/P1P1P1b1/2B1R3/5P1P/6K1 b - - 0 33,3,255,1.0
747A3423CC9E8FA4,101,116,7R/4r3/8/PP1k4/4p3/8/7P/6K1 b - - 0 51,3,446,1.0
1B11854BD9A9B59B,31,55,r1b1k2r/1p2bppp/8/p2p4/P2P4/R4N2/1P3PPP/2B1R1K1 b kq - 1 16,1,40,0.5
685D5166A886D841,38,113,r4rk1/1b1q1ppp/pp3b2/3p4/nP1N4/B5P1/P2QPPBP/2RR2K1 w - - 0 20,3,63,1.0
AFE47A96278F78D2,45,116,3n2rr/p1p1kp2/1p1pb3/7p/PP1PP1nN/2P5/3NB3/2K2R1R b - b3 0 23,1,14,1.0
BEB0E71103263F5E,66,163,6k1/5p1b/5p2/R4P2/1p4Pp/4PK1P/P1r1B3/8 w - - 0 34,2,268,1.0
B24F35FF270F9412,38,122,4r1k1/1pp2ppp/1b4q1/pP1Pr3/4N3/2P2Q2/1P2RPPP/R5K1 w - - 3 20,3,130,1.0
06AD8953409B1C6F,104,117,8/8/3b1Bp1/3k1p2/5p2/1P1K3P/6P1/8 w - - 3 53,3,55,0.5
4F50792E03D58905,56,165,8/5pbk/p2q2pp/2pB4/2Pn1P2/P2Q2PP/3Br3/1R4K1 w - - 2 29,3,-17,0.5
5885FD3AD5F1CCA5,20,96,r1q1k2r/p1pp1pp1/bp2pn1p/n7/Q1PPP3/P1P1BP2/6PP/R3KBNR w KQkq - 2 11,0,37,0.5
706ACA8F0BB69186,43,166,r3qrk1/pp4b1/2p1n2p/3p4/6QP/2P3B1/PP2N1P1/2KR3R b - - 0 22,3,-71,0.5
840F91E76B8580ED,89,109,3B2k1/p7/P1Nb1r2/2p1p2p/3pK3/3P2P1/1P6/8 b - - 3 45,3,-243,0.0
3CFEA8519D73CD0E,56,108,8/2p1k2p/pr2p1p1/1r6/7P/2P3P1/RP2RPK1/8 w - - 0 29,1,53,0.5
41F3FB2A676338BC,258,327,8/4k3/8/7P/5KP1/2B5/2b5/8 w - - 31 130,3,509,0.5
3F95DEB7BEBBB0D8,24,96,r2q1rk1/pp3ppp/5n2/2bp4/3Nn3/2P2N2/PP3PPP/R1BQ1RK1 w - - 1 13,3,-36,0.5
99728BFC7C311297,30,117,r3k2r/3nbp1p/p1p1p1pB/1p1pP3/q2P4/P1P3QP/2P1BPP1/1R3RK1 w kq - 1 16,1,32,0.5
9BBBC6D3BF71ED8C,80,111,6r1/1k2P1b1/ppp3q1/5p2/PPP1nPnB/3N3R/4N3/5K1Q w - - 1 41,2,22,0.5
9D6CEE4AE00F549F,261,394,8/4R1b1/8/p1rB4/P1P5/3K2k1/8/8 b - - 66 131,1,351,0.5
BF22F8AF9086CB53,186,371,8/6k1/4q1bp/Q5p1/8/5BP1/5PK1/8 w - - 22 94,1,150,0.5
27BD591BCE06E540,184,209,6R1/8/8/8/4k3/1r6/5PK1/8 w - - 75 93,3,210,0.5
071B67705B4540A6,78,154,r1b1r1k1/5qp1/1p1p1p2/pPpPn1b1/2P1PNPp/1P5P/1B2QRBK/5R2 w - - 18 40,3,28,0.0
5503DDC4F2D18D9C,40,120,r5k1/2qnbppp/2p1b3/p1Pp4/Q2N3P/4B3/Pr2BPP1/2R2RK1 w - - 0 21,3,-22,0.0
BB394D23F5927DAA,86,111,R7/2r3k1/P5p1/7p/4p3/4N3/5PKP/r7 w - h6 0 44,3,-223,1.0
484219DD50A8D93A,25,113,r2q1rk1/pppn1pbp/4b3/3p2p1/NP1P4/4PN2/P3BPPP/R2Q1RK1 b - - 1 13,3,10,1.0
344E0972582C34D7,82,139,8/1K3pk1/3b2p1/3P3p/3N3r/1P2PR2/8/8 w - - 0 42,3,319,1.0
2939CB4CCDFE0C37,35,122,4r3/pp1b1pbk/nq1p2pp/2pP3n/2P5/P1NBBN1P/1P3PP1/1RQ3K1 b - - 8 18,3,121,0.5
DC27DF0F5FD794FB,53,132,5k2/pp6/1n2pn1p/3p2q1/2pP4/P4B1P/1PQ1NPP1/6K1 b - - 4 27,3,-8,0.5
E4EEAA2CAB1135A3,58,95,2R5/5ppk/3p3p/q3pP2/4P3/P7/6PP/2R3K1 w - - 1 30,3,-17,0.5
73BAA9E74B20C2CB,42,139,2r3k1/1p2ppb1/p2pb3/4n1pp/3BP3/P4P1P/2P1B1P1/2KR3R w - - 0 22,3,24,0.5
18CDE3CE3551B6A5,120,145,7k/1P3pp1/7p/1q3PP1/7P/5Q1K/8/8 w - - 1 61,3,502,1.0
DAB1F9D1AAA08588,84,138,8/8/4p3/2r1k1n1/R1B1ppP1/8/5K2/8 w - - 6 43,3,-546,0.0
551B212F2ADA74DB,88,263,8/5pk1/4p1p1/4P2p/r2P3P/1R3KP1/5P2/8 w - - 10 45,1,136,0.5
99EE25F1572EE72B,21,93,r1bq1rk1/pp1nppbp/2p3p1/8/2BPN3/2P2N2/PPQ2PPP/R4RK1 b - - 4 11,3,-19,0.5
40D504AEB0A448EE,25,96,r2qrbk1/pb1n1ppp/1p1ppn2/8/3P4/2PB1N1P/PP1NQPPB/R3R1K1 b - - 6 13,3,33,1.0
F2C5B710D53C8D3A,30,94,r2q1r1k/pp2bppp/2p5/3nPN2/8/3Q4/PP3PPP/R1B2RK1 w - - 1 16,3,53,0.0
746AD7A218B285F7,79,120,r7/4qp1k/p1Pp2rp/3Pp3/1pN1P3/1P4PP/2Q4K/6R1 b - - 2 40,3,-37,0.5
051ADF61FE30BF6E,148,257,8/8/5N1k/2R2p2/3n2p1/6P1/r7/6K1 w - - 3 75,3,-267,0.5
4AAA37275341F44F,59,109,6k1/p5p1/2q1p2p/8/bQ2n3/4B2P/P3KPP1/7R b - - 5 30,2,0,0.0
BAE3715854540D90,38,173,r1b2rk1/1p2p1bp/1P3np1/5p2/pp1N1B2/6P1/PP2PPBP/3R1RK1 w - - 0 20,3,129,1.0
E7596F42AB730B67,65,126,2k5/1pb4r/p1p1p3/2B1Pp2/P1P2Kp1/6P1/1P3P2/3R4 b - a3 0 33,3,-12,0.0
B0D97B18646E735F,73,116,r5k1/3r1pp1/2p1q2p/p1P1p3/Pp1bP3/1R1PB2P/2Q2PPK/1R6 b - - 17 37,3,-233,0.0
75641EC660C29CAB,107,123,5B2/7p/5bp1/3k1p2/3p1P1P/3P1KP1/8/8 b - - 8 54,3,11,0.5
18820690F95F7EE6,90,101,6k1/2p1q3/2PpN3/3r4/4Q2P/8/6PK/8 w - - 0 46,3,40,0.5
BD3B3518A478A1A7,25,78,r1bq1rk1/pp3ppp/n1p1p3/P2n4/8/RQ3NP1/1B1PPPBP/2R3K1 b - - 4 13,3,101,0.0
1D3E7321B8683BA7,56,118,2r3k1/1q3ppp/p3pb2/8/Pp1NbP2/1P2P2P/1B3RP1/1Q4K1 w - - 0 29,3,-233,0.0
79BD77DDFAE1E9AC,125,525,8/1p2k3/2p1p2r/p4pp1/PbBP4/1P2P2P/5PK1/3R4 b - - 53 63,3,-123,0.5
74E80A8A3D70230C,31,70,2q1r1k1/p1p1nppp/1rp5/3pP3/3P2b1/1P2Q3/P2N1PPP/R1R1N1K1 b - - 2 16,3,105,0.5
3265CF8DC2155273,47,79,q1r3k1/4pp1p/3pn1p1/2r3P1/4P2P/1P2Q3/PP2N3/1K1R3R b - h3 0 24,3,26,1.0
424D0D11AB12A64B,27,68,2r1kb1r/p1qp1ppp/bp2p1n1/4P3/2P1QP2/P1N1B3/1P4PP/3RKB1R b Kk f3 0 14,0,-24,0.5
EBAE96620DEF6901,51,69,4r1k1/3q1p1n/pn1p2pQ/2pPr3/2P5/P6P/3N1PP1/1R1B1RK1 b - - 6 26,3,173,1.0
A85273A95E8C03B5,101,133,8/7k/1Bq4p/P4rp1/r3P1R1/3Q2P1/5P1K/8 b - - 5 51,3,4,0.0
7C24D586321D5E87,86,98,6k1/1b2rp2/3p2p1/1Q5p/1P2P2P/4N1P1/q4PBK/8 w - - 0 44,3,-73,0.0
CE0ED7822D0CF61E,65,181,8/1pkb1p2/1rp1p1p1/4P2p/P1K1BP2/1P4P1/3R3P/8 b - - 2 33,1,187,1.0
6389143FED9F4BE3,21,182,r1b2rk1/pp2bppp/1qn1pn2/3pP3/5P2/2NB1N2/PPP3PP/R1BQ1R1K b - - 2 11,3,-30,0.0
CEB5EC05F0C69036,39,85,rn3kr1/p2q1pp1/1p2p2p/3pP3/3N1Q1P/3P2R1/P4PP1/4RK2 b - - 0 20,0,-41,0.5
8C7AB281CD0E4A6F,71,116,1n1b2qk/1R6/p3p2r/1p6/3PB2P/1P2P1P1/6Q1/6K1 b - - 4 36,3,58,0.0
631E3B6385C5473C,117,128,7k/4Q3/p6p/1pp5/6r1/7K/5P1P/8 b - - 2 59,1,665,1.0
1376BFA921898EB6,168,212,1k6/4P3/8/6K1/8/4r3/7p/R7 w - - 2 85,3,38,0.5
4DBD9B17AE78E9C8,29,105,1r2k2r/pp2npbp/1q1p2p1/8/N2pPPQ1/4B1P1/PP4BP/R4RK1 b k - 0 15,1,146,1.0
9C3DFFF86EFC599E,59,73,1k1r4/pB3p1p/6p1/1pN5/8/2n5/P4PPP/4R1K1 b - - 0 30,3,223,1.0
357A0B06562E0728,22,133,r1bq1rk1/2p1ppbp/ppn2np1/8/3P4/N1PB1N1P/PP3PP1/R1BQ1RK1 w - - 0 12,3,96,0.5
2514478E199107F5,112,151,1R6/4r3/pP6/8/5pk1/1R5p/6bP/2K5 w - - 12 57,0,244,1.0
9DD5B6CD9BF6E7E1,83,144,8/2kr1p2/1p1Np1p1/p1p1P1Pp/1r3R1P/4RK2/8/8 b - - 7 42,2,-209,0.0
8515EB5FF26BF145,80,106,8/8/p3p2p/1p1n2p1/1P6/P1k2PP1/5K1P/3B4 w - - 1 41,3,-289,0.0
AF3A2D5A9DC89084,131,195,8/8/3K1kP1/p7/P4N2/6P1/3b4/8 b - - 6 66,3,217,0.5
1D0028C30DC0DBFD,97,139,3r4/5p2/1p1p1Ppk/1P1P4/BB3K1P/8/8/8 b - - 0 49,3,280,1.0
F23BB0636A7922B0,16,116,r1bqk2r/pp3ppp/2pp1n2/4p3/2BbP3/2NP4/PPP2PPP/R1BQ1RK1 w kq - 0 9,1,-50,0.5
BA6922724E62872E,92,120,8/1R6/p1p5/P4pk1/1PR5/2P5/2rr1PK1/8 w - - 1 47,3,4,0.5
9A5EE53E673D85DE,83,257,7R/1kp5/pp6/6b1/P2n4/2N2b2/1PPR4/2K5 b - - 14 42,3,240,1.0
F8881DBB3FD09E1C,84,165,1q4k1/5rpn/4N2r/2Bp1PQb/1pn5/1N1B4/PPP5/1K2R3 w - - 15 43,3,380,1.0
4DDAF1571E704A88,46,164,2rr1bk1/1bq2p1p/6p1/pQ1p4/2pP4/P1R1PN2/4BPPP/R5K1 w - - 1 24,3,-126,0.5
F7E35F86931E23D1,43,101,4qrk1/1npb1pp1/3p3p/1p1Pp3/1P2Pn2/rBN2N1P/P4PP1/2R1RQK1 b - - 8 22,3,10,1.0
F50751F24F663103,37,90,r1q2rk1/4ppb1/1p2bnpp/p1p5/P2PP3/2B2NP1/1P2QPBP/R1R3K1 b - - 0 19,3,63,1.0
04F71236B9DE4AB6,15,81,rn1qk2r/pb1pbppp/1p2pn2/6B1/3P4/2PB1N2/PP1N1PPP/R2QK2R b KQkq - 0 8,0,26,1.0
4D47A6E853320395,156,167,8/8/7p/1P6/7K/5QP1/2k3P1/8 w - - 9 79,3,3131,1.0
D7A3E1E7F2CAEEDE,92,133,8/7p/5kp1/R3p3/P1P1P2r/8/3K4/8 w - - 0 47,3,6,0.5
571AC0F9868887C0,53,173,2rr2k1/p4pp1/4p2p/2P1B2P/1P3P1b/P2pR3/6P1/3R2K1 b - - 2 27,3,145,1.0
9FFA503014AEBE65,40,131,5b1r/2k2pp1/p1p1p1n1/8/2N3Pp/2P5/P4PKP/1RB5 w - - 3 21,1,-46,1.0
CB9EEF799A0DDC4B,51,115,5r1k/p5p1/2R2b1p/3p4/5B2/3P2P1/n1P2PBP/6K1 b - - 0 26,3,315,1.0
FAAF9B6D5F6335F7,61,100,r1b5/1p3nk1/2p2qp1/3p1p1p/p2P3P/P1QN1PP1/1P4K1/4RB2 b - - 2 31,3,-8,0.5
F3B7FA26FFC03A7E,164,291,8/8/8/3k2r1/1p1p4/pP4PR/P1P5/3K4 w - - 1 83,3,-1,0.5
DC8D499BFF35A58D,131,142,8/1n5R/1P2k3/7p/p5pP/2B2bP1/8/6K1 b - - 4 66,3,407,1.0
8820A3CA040763B5,46,112,2r3k1/4ppb1/p1Pp2pp/q7/2P5/3QBNP1/P4P1P/6K1 w - - 1 24,3,-415,0.5
AC5A937C6076EC30,69,104,1r5k/7p/1q2b1p1/1r1pP3/5P2/3Q4/5PBP/R3R1K1 b - - 0 35,3,92,0.5
0439C40FE6BED39F,81,214,5k2/5pr1/7p/p3r2B/8/1PP2Q2/8/K7 b - - 3 41,1,442,1.0
ADDF8F78D180475A,68,123,1k6/1ppb2p1/2p2pP1/p7/4Pp2/3P1N1r/PPPK1PR1/8 w - - 1 35,3,28,0.0
5D39E1D8508EC95A,52,126,4rbk1/p1p2r2/1pq1n1p1/P2p3p/3B3P/5PN1/1PPQ3P/R2K1R2 w - - 1 27,0,-158,0.0
DBCBE75C709FC6F3,107,172,8/4k3/1p3p2/1r2p3/7R/2K5/6PP/8 b - - 0 54,2,-253,0.0
A925E3DA27098628,61,160,6k1/p1p3r1/1pn1bB1q/2p1Pp1p/2P5/1PQ2P2/P4RP1/1B4K1 b - - 5 31,3,96,0.0
DC0E672EFEC60074,46,155,2r3k1/pq2bppp/1p2pn2/8/2Nr4/1P3PP1/P3QNKP/R3R3 w - - 0 24,3,-163,0.5
773CB26D2F980721,49,242,r2q1rk1/2p4p/b4pp1/4p3/Rp6/1P1P1QN1/1P3PPP/R5K1 b - - 1 25,3,-8,0.5
0809E5E235F7E5FE,148,288,5k2/2n3p1/2p1p2p/r1PpPr1P/1p1K1P2/1P2B3/P1R4R/8 w - - 62 75,3,-19,0.0
73B23EF46E45BC2D,135,328,1r2b2k/1r4p1/5p1p/2Q1p3/1P6/5P1P/6P1/1R4K1 b - - 34 68,3,248,0.5
F209942F82B6A2F0,69,104,3r2k1/6p1/2p2p2/8/2P1r3/1Q5P/3q1PP1/2R2RK1 b - - 0 35,3,75,0.5
D05EE5CA3D883917,67,84,6k1/3n1pp1/2p1pn1p/3q3P/1r1P4/3R2N1/5PP1/1B1Q2K1 b - - 2 34,3,-231,0.0
30F45687A77C07EA,73,85,3r2k1/3Pb1p1/p1p1R2p/6q1/2Q5/7P/1B4P1/7K b - - 5 37,3,331,1.0
E1A9B90C339BC6A1,70,137,8/1p2n2p/p3kpp1/3r4/5P2/P1BP3P/1P1K1P2/7R w - - 14 36,3,26,0.5
AD930F3CAC9972F1,86,114,8/2b5/2p1k3/p2p2p1/P2P2P1/2PK4/8/N7 w - - 3 44,1,10,0.0
7BCA81F1F1462885,32,75,3r1rk1/1pqnbppp/p3p3/P2n3b/2NP4/1Q3NP1/1P1B1PBP/R3R1K1 w - - 3 17,3,61,1.0
5314C321F4CEACBC,73,152,6k1/1q2brp1/3p1n1p/2p1p3/4P1P1/1PN5/P3Q2P/1KBR4 b - - 0 37,3,26,1.0
81447FA1382CC9E2,40,164,3r1r1k/ppq3pp/3pbn2/4p3/2Pn4/1PNBNP2/P2Q2PP/2RR3K w - - 7 21,3,63,0.5
8BCB98CF12A03BFB,60,115,1r3k2/2r1bpp1/R1p3np/1p2p3/4P3/2P1BP2/1PB2P1P/R4K2 w - - 8 31,3,207,1.0
DE4D8977AF5273AA,70,141,7k/3rNnbp/p2Bp1p1/1p2Pp2/6P1/5K1P/PP2PP2/2R5 w - - 2 36,3,383,1.0
8DD187A217B48741,62,109,8/2p2bB1/2k3pp/p1p5/1p4Pb/P3KP2/1PPN4/8 w - - 0 32,2,-105,0.5
6793E0EA7A598E8E,116,131,8/P7/BK6/2P5/3r2p1/7k/3b4/8 w - - 0 59,3,845,1.0
C30F012EC31B00B5,67,131,2r4r/2P1pk2/2R2bp1/4p2p/4P3/2B5/2P1K3/1R6 b - - 2 34,0,15,1.0
C519213454C81088,131,170,6K1/kp6/p1p5/8/8/1P4R1/q7/8 b - - 1 66,3,-1188,0.0
F17511CD3CB72B67,323,400,8/6k1/6p1/6B1/r6P/6KN/5P2/8 b - - 60 162,3,346,0.5
A0A68F53D38338AA,59,122,2q5/1p3pk1/2b2npp/3p4/1Q1P4/3NP2P/4BPP1/6K1 b - - 0 30,3,108,0.5
00C810014860B039,89,146,8/5Rpk/7p/6r1/4R3/5P1K/6r1/8 b - - 9 45,0,-181,0.0
B9CD50014DBFADF4,205,216,8/5RK1/4k3/8/2q5/8/8/8 b - - 29 103,3,-859,0.0
2DEAB17A79F09409,74,131,2r1r1k1/5p1p/1B2q1p1/3Rb2n/2B1P3/3Q2PP/5P2/1R4K1 w - - 5 38,3,334,1.0
A7D61C102A493167,28,104,2kr2r1/ppn1ppbp/2p3p1/8/3q4/2NP4/PPP1QPPP/R1B1R1K1 w - - 1 15,3,23,1.0
39D186E6276DB947,74,134,6nk/Qp4p1/2p4p/5rN1/4p2P/P2r4/BPR2P1q/2R1K3 w - - 0 38,3,3,0.0
9AE69F9B2734FD9B,98,113,8/p2k4/1p4Q1/2bp4/3q4/6P1/P4P2/6K1 w - - 4 50,3,-588,0.0
C23DB1EC204D656D,25,95,rnbr2k1/pp3ppp/4pn2/8/1P3N2/P1N2B2/2P2PPP/R3K2R b KQ - 0 13,2,4,0.5
55373D1F4325B588,66,82,r3r3/2Q2pk1/p5pN/1p1b2P1/6P1/P7/1PP5/5K2 w - - 1 34,3,25,0.5
AC2373698B44EFEF,70,114,8/kr4pp/p2bpp2/8/2pP4/1rP1RNP1/2K2PP1/4R3 w - - 2 36,3,79,0.5
EE880886130D035D,348,393,8/1B6/5r2/7p/8/1k5p/4R2K/8 w - - 36 175,3,75,0.5
3A5F50CCB4C6AEBC,92,191,2k4r/2p2p2/1p6/p1p1b1P1/P1P1N1KP/1P2R3/2r5/4B3 w - - 0 47,3,-60,0.5
75BFDC1E3E50A124,50,140,r3r1k1/2pbqpp1/1p1p1n1p/p1n2B2/P1P1P3/1PQ2PP1/1B5P/R2R1NK1 w - - 7 26,3,94,1.0
C6CCABD6A3479138,26,156,r2qr1k1/pb3ppp/1p1p1n2/2pPn3/P1P5/2Q2P2/1P2NKPP/R1B2B1R w - - 3 14,2,-9,0.5
22439F5AA857B4E2,52,119,8/1ppq2k1/2nbp3/p2n1r2/3PQ3/P5PP/5PB1/R3R1K1 w - - 0 27,3,-11,0.0
E71359BF115CFB19,34,130,2rq1r2/1p2pp1k/4bnpp/pB1p4/P2Qn3/1P2PN1P/2P1NPP1/2RR2K1 w - - 4 18,3,110,0.0
69CC7C8F1F53E44C,36,143,r1b1r1k1/1p3ppp/p1nb3q/3p4/4n3/PP2PN1P/1BBNQPP1/1R1R2K1 w - - 5 19,3,85,1.0
5B06F39AC615F7D7,56,112,r1b5/1p3k2/p3pbp1/2p1p3/P1B1PP2/1PN5/1PK5/3R4 w - - 0 29,3,-73,1.0
7CAD4F80902A7FFA,51,190,2qrr1k1/p4pb1/np4p1/1N4np/Q1PPpN2/P3P1PP/3B2K1/3R1R2 b - - 0 26,3,-93,1.0
D25C202215BC3D46,22,88,rn1q1rk1/1p3ppp/p3b3/2bnp3/8/2N3N1/PPP1BPPP/R1BQ1R1K w - - 0 12,3,-9,0.5
D42BA9047FB38F0A,65,151,8/5R2/4p2p/1p1nP1pk/r7/P7/2N2PPK/8 b - - 1 33,3,-158,0.5
BD103C536581EABF,49,75,r1r5/4p1k1/3p1pp1/1q5p/1P2PQ2/P5R1/5P1P/5RK1 b - - 1 25,3,-181,1.0
21438917C65534E9,121,141,1R6/5bP1/k7/5P2/3p4/2P5/3K4/8 b - - 0 61,3,1503,1.0
55B7301677BE6325,27,151,r4rk1/1ppb1ppp/p2bpn2/n5Bq/3P4/2N2NP1/PPQ1PPBP/R2R2K1 b - - 10 14,3,68,1.0
835055006D554FBE,37,136,r3q2k/1ppb2pp/3pprn1/2P4n/pB1PPp2/P2B1P2/1P1QN1PP/2R2RK1 b - - 0 19,3,118,0.0
2D36C066AF61BE29,44,120,2rr2k1/pbq2ppn/1p2p2p/1B2N2P/3PP2Q/8/P4PP1/3RR1K1 w - - 8 23,3,-48,0.5
7BDACB20813078DA,94,361,8/4p1k1/3p1pp1/3Pb2p/1q2P2P/3B1QP1/r1P2PK1/5R2 w - - 8 48,3,-25,0.5
962C75B0774B6D21,215,266,8/8/4b1p1/3k3p/3B3P/2PK1P2/8/8 b - - 23 108,3,138,0.0
24EBC55E1D52DBFF,234,338,8/B7/p7/1k6/7r/K7/1P6/1N6 w - - 87 118,3,125,0.5
2A25EFDD1BCB18B1,82,120,8/8/4pk2/1R3p2/1pr5/6P1/P4K2/8 w - - 12 42,3,-239,0.0
C3F3843FC2108791,172,183,8/5P2/8/6K1/6P1/2Q5/7p/1k5q w - - 14 87,3,1776,1.0
2953BEA13DCE9E70,143,154,8/8/2B5/1n2p3/3k4/pK6/8/8 b - - 5 72,3,-266,0.0
146E172A563D787E,66,124,r3n1k1/5p1p/b2p2pB/3PP3/3p1P2/7P/3N2PK/4R3 w - - 0 34,3,256,0.5
0630E5CC02737B0F,12,75,r1bqkbnr/1p3pp1/p1n1p2p/2ppP3/3P1P2/2PB4/PP4PP/RNBQK1NR w KQkq - 1 7,0,14,1.0
87F870DB5DAD2577,144,200,8/8/2r5/5k2/PK2N3/6Rb/6p1/8 w - - 4 73,3,8,0.5
FAAA6B4464A41A8E,80,148,2r3k1/3R2p1/2n1p2p/2p1P2P/2P1K1P1/2PP4/2r5/4R3 w - - 5 41,3,-243,0.0
DC12B3F236481773,117,159,Q7/6pk/8/7p/3p4/KP6/5p1P/8 b - - 0 59,3,-89,0.5
10D9963A7E1DC048,54,184,6k1/2rn2p1/ppq1bp1p/3np3/1P2N3/P2BPPB1/1Q4PP/4R1K1 w - - 0 28,3,9,0.0
552ED3F9AC392EF0,91,112,3r4/4q3/2R1P1k1/2p1p1b1/2P1PpP1/1PQ5/2B2P1r/4BK2 b - - 6 46,3,-18,0.0
BADDD9FD413C3E2C,28,53,3r2k1/pp2ppbp/1q2bnp1/2n5/Q7/2N2NPP/PP2PPB1/R1B3K1 w - - 0 15,3,-58,1.0
13A7CBB2A4AC4401,26,61,1rbqnrk1/1p3pbp/p2p2p1/P1pPn3/5B2/2N1P3/1P1NBPPP/R2Q1RK1 w - - 3 14,3,66,1.0
9BF42C21492803E9,84,115,3kr3/8/p1np2r1/1p2p2p/2P1N2P/1P4P1/P4R1K/5R2 w - - 0 43,3,181,1.0
BAFCDB8977F298DC,42,125,rr4k1/4npp1/q1n1p2p/pp1pP2P/3P2P1/P1B2N2/1P1Q1PK1/2R1R3 w - - 2 22,3,59,0.0
8D7F3D3761B728CA,177,212,3r4/6k1/7p/6pP/4BnP1/4KP2/1R6/8 b - - 32 89,3,176,0.5
56F2D063B1538453,64,152,8/1b3k2/p6p/1p1p2p1/5q2/PBP2P2/1P5P/4BR1K w - - 1 33,3,-301,0.0
4F43014FA46F1541,21,46,r2q1rk1/1pp1n1pp/p1pbbp2/8/2NQP3/4BN2/PPP2PPP/3R1RK1 b - - 7 11,3,-29,0.5
8E39BA82F65A4EC8,16,239,rnbq1rk1/ppp2ppp/3b4/8/2BP1pn1/5N2/PPP3PP/RNBQ1RK1 w - - 0 9,3,-133,0.5
7C161BFA82F664EB,194,214,1k6/8/1pPp4/6p1/p1B4p/7P/5KP1/8 w - - 1 98,3,31,1.0
DB4FEA7F2DC93003,20,195,r2qk2r/pp1n1pp1/2pb1n1p/3p4/3P3B/3QPN2/PP3PPP/RN3RK1 w kq - 3 11,1,-5,1.0
6578E15065A7F472,103,189,3b4/1kn2p2/2b3p1/B6p/1P3P2/P2K2P1/2R4P/8 b - - 8 52,3,110,1.0
970C5902EAAEF464,189,217,8/8/1b5p/p4B1P/1p6/1P2p3/2P1K3/1k6 b - - 55 95,3,-169,0.5
C7BDE082A8DE93E2,142,163,5b2/7Q/K1Bkp3/8/1r3P2/8/8/8 w - - 7 72,1,1238,1.0
CF5580859A9FD328,72,184,8/5kpp/1p6/2p1B3/2r3P1/6K1/PP3PP1/8 w - - 0 37,3,-254,0.5
27BEC9581EA18D22,65,128,8/1ppq2k1/3r1pp1/p2n1p1p/3P4/PB3N1P/1P2R3/4Q1K1 b - - 1 33,3,11,1.0
E11171A66B1773C5,136,222,2r5/1q2bpk1/p3p1p1/P1p1P2r/2PpbPNp/BP5P/2P1Q1P1/3R1R1K w - - 67 69,1,87,0.0
2700B81659B8397A,88,137,5b2/4rPr1/p1kNp1R1/2p1P2p/8/PPK5/7P/5R2 w - - 5 45,1,484,1.0
5BC9D73123DC450B,123,165,8/6k1/5p2/1p1Q2p1/2p4p/P5qP/1P1RK3/8 b - - 2 62,3,219,1.0
5977D72C649629CE,27,131,r2qr1k1/1b1n1pbp/pp1p1np1/2pP2B1/P3P3/2NB1N1P/1P1Q1PP1/R4RK1 b - - 5 14,3,134,1.0
BE9ABF2FF68A3953,65,89,1r6/2kp2p1/1b2p2p/1p2Pp2/1P3P1P/2P2N2/4KP2/R7 b - - 4 33,1,7,0.5
CD141A0263619308,77,122,4r1k1/5r1p/8/3Q1PP1/1P2P3/4R3/4N2q/4K3 b - - 8 39,2,269,0.5
9C712F78643E2B75,64,170,2b1rk2/1p3p2/p1p4p/2R4N/P3P1P1/1P5P/2P2RK1/3r4 w - - 9 33,3,195,1.0
453C387F2ECD220A,92,134,4k3/8/ppr2p2/6p1/5B2/P7/5K2/3R4 w - - 0 47,3,13,0.0
F9E8BDC852005FF8,38,91,1r1q1rk1/3bp2p/2npnppP/2pN4/1pP5/3PPNP1/1P3PB1/1RQ2RK1 w - - 0 20,3,82,1.0
1E67AC5D597FFA4A,20,101,r1b1k2r/pp2qpb1/2n1p1pp/3p4/3P4/2N2NP1/PP2PPBP/R2Q1RK1 w kq - 0 11,1,68,0.5
F36A64B23018F4CA,66,172,8/2p3kp/p5p1/3N1p2/8/1B4P1/P3KP1P/2r5 w - f6 0 34,3,82,0.5
AFCE6EBE52234D81,72,196,6k1/6p1/2p5/r4p1p/P3b2P/r5P1/5PNR/5RK1 w - - 4 37,2,-304,0.0
C2838CB75C5B51C4,44,61,rn3k2/pb2p1b1/1p2q3/4Np2/3P4/4B3/P4PP1/R2QK2R w KQ - 2 23,2,270,1.0
C6A98159CEF24124,16,134,r2qkb1r/ppp2ppp/1n1p1n2/8/2PPp3/2N1P3/PP1NKPPP/R1BQ3R w kq - 1 9,0,99,0.0
76D36AA6EC5E1C39,68,275,2rb2k1/1q1r1p2/4p1p1/3bP2p/2pP1P2/2N1B2P/1PR2QPK/R7 w - - 2 35,3,44,0.5
9C695E155A4C291F,110,166,3r4/1p4r1/p2b2p1/P2k1p1p/1PpPp2P/2P1P1PR/5BK1/5R2 w - - 36 56,3,-202,0.0
91E80623ED9BA3DA,79,100,3rr1k1/5p1p/2R4P/3p2B1/1P3pn1/P2B4/2P2bP1/3R1K2 b - - 1 40,2,157,1.0
0455667168960377,23,167,r1bq4/pp1npkb1/2p2npp/8/3P4/5N1P/PPP2PP1/R1BQR1K1 b - - 1 12,3,-9,0.5
D29DD97187ECCE9B,109,139,8/3k4/8/4r1p1/1NR3P1/2P2K2/4n3/8 b - - 3 55,3,140,0.5
DEDAE09214A0A05F,108,169,8/6k1/8/4R3/1r3PK1/6N1/8/8 w - - 5 55,2,812,1.0
89427E25FF23AD4F,39,120,5rk1/p1q1pp1p/2r2np1/6Q1/8/2P1PN2/P4PPP/2R2RK1 b - - 2 20,3,-95,0.5
5400E5B793977CDC,24,123,r3qrk1/pppn2pp/3b4/3P1p1b/3Pn3/2NB1N1P/PP2QPP1/R1B2RK1 w - - 5 13,3,101,1.0
28D3015C400F0C59,78,148,6k1/5p2/8/2PpPPpp/1PqB3b/7P/3Q4/3K4 w - h6 0 40,2,266,0.5
238858B3B72BBE3E,65,87,1r2r3/p4p1k/4bR1p/4P3/2Pp1BP1/7P/P6K/3R4 b - - 1 33,3,219,1.0
BF2513D184BF4CD1,93,178,r3r1bk/2p3p1/7p/p1Nn4/P5P1/1P3RBP/1K1R4/8 b - - 8 47,3,51,0.5
7BFCF7817D3034B1,229,240,8/2K5/2P1k1p1/6P1/p7/1pB5/1P6/7b b - - 79 115,3,228,0.5
0232123562B531A0,100,127,8/4k3/1RP1b3/p7/5ppp/P1p5/2P1K2P/8 w - - 0 51,1,136,1.0
6D1559BD936C3E1D,27,303,r2q1rk1/pp1nbppp/4p1n1/3pP3/P2B4/3Q1N1P/1PP1NPP1/R3R1K1 b - - 0 14,3,-5,1.0
76549741202BE8FD,36,109,r2r2k1/1p2p2p/p1p1n1pP/5p2/N2bP3/1P2BP2/1PP2KP1/R2R4 w - f6 0 19,2,86,1.0
3A3F33241C2C7CE5,125,148,1k3r2/8/4p3/4P3/2R3p1/6r1/2P4K/R7 b - - 1 63,3,256,0.5
93D757A98BA01D8A,115,155,8/2B2k2/B7/Kp5r/3N4/P7/1P6/8 b - - 2 58,3,1269,1.0
FE2BB313F91D8E69,34,114,1r1q1r1k/p2b2pp/2nb4/1p1Bpp2/1P6/3P2P1/2NBPP1P/1R1Q1RK1 w - - 1 18,3,35,1.0
3A86A64875A52D63,154,181,3b4/p7/8/4n2B/3k4/1K6/P7/8 w - - 62 78,3,-552,0.0
CCE6E089226A4D69,130,168,8/K7/1P6/2n2Bp1/1k6/8/8/8 w - - 18 66,3,201,0.5
E5888A135F394CAF,65,92,N7/6Bp/2p5/3p1kp1/1bpP4/8/1P3PP1/6K1 b - - 1 33,1,40,0.5
394D963332826F4E,88,190,2r3k1/3q3p/6p1/pP1pB3/P3p1P1/4P2P/1Q3PK1/1N2b3 w - - 0 45,3,15,0.0
8D4D386E37CCD2BF,46,87,r1r3k1/5ppp/4p3/2BbP3/3P4/1p3P2/1P4PP/2R1R1K1 w - - 1 24,3,25,0.5
D496952885243E7A,63,85,2r5/4pk2/1p1pbn1p/p1r3p1/P1PR1P2/1P2NBP1/1K1R3P/8 b - - 0 32,1,72,0.5
19753FD76CE80DD3,35,101,r1bq2k1/1p4pp/2pbpn2/p2pNp2/2PP4/1P3PP1/PB2QK2/2R2R2 b - - 0 18,3,8,0.5
1C2DABBAF1DD462A,69,99,6k1/5pp1/pR1bp2p/P7/5P2/5NPK/P1r4P/8 b - - 1 35,3,77,0.5
432D8BEC7BBCBF1F,39,58,1r2k2r/2Q2ppp/P3pn2/1q1b4/1b1N4/8/1P1N1PPP/R1B3KR b k - 2 20,0,98,0.5
82AF947A0D9BD911,42,80,r1b2rk1/4qpp1/2p4p/4P3/1b2P3/pP3N2/B1PQ2PP/2KR1R2 w - - 0 22,3,-183,0.0
1C49CFC591750635,62,127,8/3b1pk1/5np1/2R5/1r5p/2N2P2/1P4PP/4KB2 w - - 12 32,3,39,0.5
9D2025F2D9531C1C,71,182,7r/1p4p1/2p1bp1p/p1k1p2P/P1P1P1P1/1PK2P2/2B5/1R6 b - - 0 36,3,-125,0.5
3DD99CD677C9F407,30,166,r2q1rk1/1pnbppbp/2pp2p1/8/pPPP3N/2B3PP/P2QPPB1/2R2RK1 w - - 1 16,3,13,0.5
A587732DFAC7218D,119,190,8/8/3q4/1k1p4/p5PK/4Q3/8/8 b - - 4 60,3,-278,0.0
5598C1F2AE73BEBD,20,131,r1b1k2r/p1p1nppp/1bpp4/8/4P2q/2NB4/PPPQ1PPP/R1B2R1K w kq - 6 11,1,45,1.0
F75EB8D81E801ED0,119,143,2R5/2K2k2/2P5/8/8/8/3r4/8 b - - 3 60,1,390,1.0
F652F1E36B0B7A43,22,52,r3k2r/pp1bb1pp/2nqpp2/1Bp5/8/1PB2N2/P1PPQPPP/R4RK1 w kq - 2 12,1,-6,0.0
EC0E26E84ADCC521,46,293,1rq1r2k/1b1n1pp1/p3p2p/Q1p1P3/R2p4/1P3PB1/P1P1B1PP/2KR4 w - - 0 24,3,1,1.0
7DF66373B5A6D1D5,58,73,5k2/p1q1b2R/bp2prB1/n7/2P5/Pr2PN2/2Q2PP1/3R2K1 w - - 3 30,2,108,1.0
ACE0FEADA189102B,171,200,3R4/8/2p1b3/2k2p2/3p2p1/1p1P2P1/1K2P3/8 b - - 1 86,3,-75,0.5
7AE2CE1398D70479,31,164,rnbqr1k1/1p2bppp/5n2/p2p4/3P1B2/1NN2PP1/PP4BP/2RQR1K1 b - - 3 16,3,41,0.0
236C9534DBBA0F87,36,122,2rq1rk1/3n1pp1/4pnbp/p1p5/1bPP2P1/5N1P/PB1N1PB1/R2QR1K1 w - - 1 19,3,-25,0.5
385832A06BF6CC56,72,149,8/r2n1pk1/1pb2n1p/5Bp1/1PP5/N3B3/6PP/2R3K1 w - - 2 37,3,2,1.0
5F652EFC30910897,36,63,r3k2r/1bqnbp2/pp2p3/3pP2p/1P1N1Bp1/1NP5/P3QPPP/R3R1K1 w kq - 2 19,1,-57,1.0
0FB493B2D63F632A,78,100,6k1/3R4/5Bp1/p1p4p/8/bp3PP1/7P/6K1 w - a6 0 40,3,594,1.0
01791C24399A0171,88,118,6r1/p2q1k2/4pP2/1PRpP1BP/6Q1/P7/3b3P/6K1 w - - 3 45,1,-55,0.0
AD42F2CA770A0A30,151,175,8/8/5bP1/1K6/p7/kp6/8/1B6 b - - 11 76,3,-374,0.5
CDE07FFD6686F15F,105,194,8/2bk4/5p1B/2pP1P1p/2PpB1pP/3P2P1/2b2K2/8 b - - 14 53,3,58,0.5
17D39A675421031D,90,142,b2q4/6k1/1p1pB1p1/1PpPp3/P1N1Pn1b/2N2P2/3Q4/3K4 w - - 12 46,3,167,1.0
2E14C52055844AEF,83,122,3r4/2kP4/5R2/p2p4/Pp6/8/8/K7 b - - 1 42,2,-404,0.0
68A93779AF239338,181,400,8/6p1/2bB1p2/2P2k1p/7P/5P2/5KP1/8 b - - 4 91,3,133,0.5
6B72472BA34061DC,71,83,8/2p2p1p/3k2p1/p7/PbbP3P/2p1KPP1/2B5/1R6 b - h3 0 36,3,49,0.5
E6AFBD3D1079F3A3,28,59,r1b2rk1/pp3pbp/2nqp1p1/3p4/5P2/1NPBRN2/PP2QPPP/R5K1 w - - 8 15,3,41,1.0
DFF3E23597A2279C,33,144,r1b2rk1/3nq1b1/3p2pp/1BpPp3/4Pp2/2N2N1P/PP2QPP1/2KR3R b - - 0 17,3,-12,0.0
A7D3F17FF2B15D35,108,179,4b1N1/8/6kn/r1NRP1p1/5p1p/5P1P/5KP1/8 w - - 1 55,3,230,0.5
C76976BEF5553C7F,36,112,r4r1k/pppq1bpp/1nn5/5p2/1b1P4/2NBPP2/PP1B2NP/2RQ2RK w - - 6 19,3,104,1.0
2239DCE9D1978766,76,120,6k1/R6p/6p1/p2P4/8/4r2P/8/6K1 w - - 0 39,3,3,0.5
9179BFB2512A758B,48,60,1r1q1rk1/p4pbp/2n3p1/2N1p3/4N3/1P4P1/P4Q1P/B4BK1 w - - 1 25,3,-559,0.0
A6856F33C710508C,59,196,1r1q1bk1/2R2pp1/4p2p/r7/p1RPB2P/P1Q3P1/1P3P2/6K1 b - - 4 30,3,126,0.5
BF1A3D7183B7BC36,39,113,2r1kb1r/1p1n1p1p/q1n1p1p1/p2pP3/B2P4/PQ2BN1P/1P3PP1/R4RK1 b k - 10 20,1,121,1.0
D8BCF64B30A7EB66,51,66,8/1p2npk1/3p1q1p/1B2p1p1/1P2P3/2rPQPP1/5PK1/2R5 b - - 1 26,3,91,0.5
C84775D4B9E05EB5,89,236,8/2R2p2/4p1k1/3bP1p1/6Np/5P1P/4r1P1/6K1 b - - 11 45,3,-93,0.5
3A42644FEF341016,99,183,2r2bk1/3q3p/4p1p1/1b1P1pP1/r1p2P1Q/p1P4R/6BP/R1B3K1 b - - 0 50,3,-290,0.0
B9858131F3FF9ABD,57,80,2r4r/1p3kp1/p3bp2/2P1p2p/1P1p4/P7/1K1R1BP1/4R3 b - - 0 29,0,-634,0.0
8B0655E2E1E36009,129,150,r7/PR6/1p1p4/1P2k3/3n4/3B2KP/8/8 b - - 10 65,3,374,1.0
83EC8F63E39D8CFB,70,137,5Q2/kprq1p2/1R6/1R2pb2/r5p1/6P1/4BPPK/8 w - - 4 36,3,58,0.0
C7C075089DEB52D6,94,136,1k6/1p2R3/2p5/3b2P1/r7/8/2P2K2/3B4 w - - 0 48,3,256,1.0
D7554D640C8B685F,36,139,1r3rk1/2q1nppn/ppbp3p/2p1pP2/2P1P1PN/2PPB1KP/P5B1/1R1Q1R2 w - - 0 19,3,16,1.0
7D79B258F3E20750,37,76,r1rq2k1/1p2ppb1/2bp2p1/p1n4p/2P1P3/1PN1BPP1/P1RQ3P/1R3BK1 b - - 0 19,3,58,0.5
13651A9FFDCE5DF8,44,128,r3r1k1/1qp2pp1/pbN1pn1p/1p4N1/3P4/4P1P1/PP2QP1P/R1R3K1 w - - 0 23,3,121,1.0
0C5D599D3E09269E,44,65,5rk1/2P2p1p/b5p1/q5N1/8/1P4P1/1PQ2PP1/2B3K1 w - - 0 23,3,296,1.0
A0FD9154E0BD9D39,26,54,r1b1qr2/pp2p1k1/n2p1p2/2pP2pn/2P1P3/2N2N1P/PP1Q1P2/R3KB1R w KQ - 0 14,2,107,1.0
DF4DBA13FBD9FC4C,99,182,8/1p6/1k1r1p2/1PbP4/2P5/p2Bp3/6PP/5R1K b - - 0 50,1,-452,0.0
84A0CD3B21A6BEF0,42,206,r1b3k1/pp3p1p/6p1/3p4/5b1q/2PB1Q1P/PP3P2/R2R2K1 w - - 0 22,3,1,0.5
7BA822B4BC33361C,76,90,qr6/3knQp1/3Np3/3pP3/1p6/b3R2P/5PK1/R7 w - - 7 39,1,273,1.0
8F38B74191F956C0,37,184,r1n2rk1/2qbbppp/p2p1n2/P1pPp3/1pP1P3/1P1B1N1P/3NQPP1/R1B1R1K1 b - - 1 19,3,96,0.0
AC5C7DBF2A8AA530,81,100,6rk/7p/2Q2p2/4b3/6q1/2pR2P1/2R1P2P/7K b - - 6 41,3,178,0.0
B3967453ED1868E9,54,250,rnr3k1/4bppp/2b1p3/3pPP2/3B4/p1PB4/K1PN2PP/1R5R w - - 0 28,3,22,0.5
CFE5246FDE61664C,64,128,7r/1pp1kpR1/4pn2/8/8/2NB4/PPP1KP2/8 w - - 1 33,2,604,1.0
D9F4B8D07875C584,101,120,1B6/P1K2p2/4knpp/5p2/1P6/8/8/8 b - - 0 51,3,774,1.0
C90E6FBEA235549B,39,80,4rrk1/1p1qn1bp/p2p2p1/2p2p2/2N2P1P/2PP1QP1/PP4K1/R1B1R3 b - - 2 20,3,-36,0.5
F108CA8D9A5DE22B,53,112,3r4/5pk1/1p1p2p1/p1rPpq1p/R7/1PP4P/1P2QPP1/3R2K1 b - - 4 27,3,-57,0.5
3A6D4225A0462472,98,159,2r3r1/P5k1/1Bn1pp2/3b3p/8/2R2P1P/2Q3PK/8 w - - 3 50,1,807,1.0
AC3F746771C78462,173,184,8/8/6PK/8/5k1P/3b4/8/8 b - - 0 87,3,2,0.5
0E973ADD000E7E5D,33,127,r1b1k3/p2pnpp1/2p3p1/1p2P2r/3p4/1B1P2B1/PPPR1PPP/R5K1 b q - 0 17,1,-21,1.0
BE9F36351FCC3752,26,115,r1bq1r2/1pp1bppk/p1n3np/4p3/8/1BPP2NP/PP3PP1/RNBQR1K1 w - - 4 14,3,-19,1.0
B6F46F912858603E,119,164,8/kp6/p1p5/P1b3Q1/5R1p/4nP2/2q1RK2/8 b - - 1 60,3,-647,0.0
679E5158FC0A2795,24,148,rn3rk1/pbp1n1p1/1p1qp2p/5p2/3PP3/2N2N2/PPQ1BPPP/3RK2R w K f6 0 13,2,88,0.5
AC33BA51AD128F2B,44,84,2r2rk1/3p2pp/1q2p3/1N4b1/Pp3n2/3B3P/1PQ2PP1/R4RK1 w - - 9 23,3,-64,0.0
110E20AAA8F161E5,222,263,8/5pk1/6p1/7p/5N1P/r5P1/4R1K1/8 w - - 73 112,3,378,0.5
F2B8E9D85821E504,72,122,8/6k1/5pp1/2r1p2p/7P/r4P2/1N1RBKP1/8 w - - 2 37,3,46,0.5
6E6FB32B98FE4C1E,130,151,3q4/3P2k1/8/P4p2/7p/1P6/8/3R1K2 w - - 0 66,3,30,0.5
AA4699A27A094EC6,31,64,2r2rk1/1p3ppp/p1b1pn2/3pN3/3P4/qPPB4/P2Q1PPP/R4RK1 b - - 1 16,3,61,0.0
CBD223B930AA86FB,12,89,r1bqkb1r/pp1n1ppp/2n1p3/2PpP3/8/3B1N2/PPP2PPP/RNBQK2R w KQkq - 3 7,0,-33,1.0
CE9EF17C5999473C,84,128,3R1b1k/4r2p/p4pn1/2N2p2/1PQN1P2/6PK/8/1q6 w - - 4 43,3,81,0.5
71744C296C76CFBA,71,138,8/2k5/1p2p2p/1Pbr4/P1N1Kp2/7P/5P2/2R5 b - - 6 36,2,55,0.5
1B12EB153A08CA2B,64,100,5nk1/1R3p1p/2p1p1p1/3p4/3P1bPP/1N1Bn3/5P2/6K1 w - - 1 33,3,211,1.0
BBF74778BDFB9CC3,28,75,r2q1rk1/4ppbp/3pbnp1/pB1Nn3/1p2P1P1/1N2BP2/PPPQ3P/1K1R3R w - - 2 15,3,-43,1.0
042222B252AA2EA2,35,84,rn3r2/4ppbk/3p2pp/1PpP4/4q3/4BN1P/1P1Q1PP1/3R1RK1 b - - 0 18,3,-136,1.0
C09622E948CE456E,153,194,8/2k5/6pK/8/8/8/8/8 b - - 7 77,3,-15,0.5
09F3152BA6AF8F81,36,231,r1b2rk1/p5b1/2p2pp1/q1pp4/N1P2PPp/3P2nP/PP4BK/R1BQ1R2 w - - 1 19,3,176,0.5
9AE3D80EFEF37807,30,155,rnb2rk1/p4pp1/1pPp3p/2p1p2n/2P1P2B/2PB1P2/P3N1PP/R3K2R w KQ - 1 16,2,75,0.5
FE0FDB30C68F24ED,152,202,3Qbk2/4b3/5p2/5Pp1/6Kp/p6P/P7/8 w - - 50 77,3,366,0.5
8223A52FC202C1BA,46,113,3r1rk1/1pp2qp1/1p2b2p/2nNp3/2P2p2/5P1P/PPBQ2PK/2R1R3 w - - 0 24,3,-65,0.5
B40B3D8088BF1914,117,282,6k1/p3r2b/1rpb1p2/p1Np2p1/P2P2Pp/1PRNP3/3K1PP1/5R2 b - - 15 59,3,27,0.5
F5CE0C5DFAAE7327,74,270,6k1/1p1b3p/3p2r1/p7/PnP1Pn1B/2N1bN1P/1P4BK/3R4 w - - 3 38,3,-76,0.5
FFCA9A98B9799CFC,194,285,4R3/1R6/1pk2b2/p1p2r2/2Pp3p/1P6/P3K1P1/8 w - - 41 98,3,245,1.0
FBEB4843DB824C6B,31,95,1rbqr1k1/2n2pbp/p2p1np1/1ppPP3/P7/2N2N1P/1P3PP1/R1BQRBK1 b - - 0 16,3,62,1.0
EE4A5D5F49AB133B,23,120,r2qk1nr/3nppbp/p2p2p1/3Q4/1p2P3/4BP2/PPP1N1PP/2KR1B1R b kq - 0 12,1,-8,0.5
62FE28AA65515D59,103,148,8/1kp5/2p5/4N2p/p7/P1K5/1P3R2/7r b - - 10 52,1,285,1.0
B82C427732B1F43D,94,203,7r/1bk5/1p2p1n1/3pPpP1/2pP4/2P2B1P/1B5K/R7 w - - 1 48,3,87,1.0
5B1356384CA2D972,46,88,k6r/pq2bp2/1pn1p1pp/3rP3/1P1pR1QP/P2P1NP1/5PK1/R1B5 w - - 2 24,3,18,0.5
2D9DCE1AF9F17806,120,170,6k1/5p2/8/2b2N2/8/5PP1/6K1/8 w - - 1 61,3,181,0.5
3F42E8970FADA0A8,56,130,2r4r/pp1bk2q/4p3/3pPnb1/2pP2p1/2P3B1/PP3QNP/R2R1NK1 w - - 3 29,1,-89,0.0
20574E0270CC3EB3,134,151,8/8/4K2k/6p1/6P1/5P2/8/8 w - - 4 68,3,455,1.0
56ECDD4B0D581148,55,134,1r6/p3pp2/2p2b1k/2N1n2p/1P2P1pP/2B3K1/1PP3P1/3R4 b - - 0 28,3,81,1.0
7375A0FC1E896A73,80,106,5k2/1p3p2/1q1p2p1/1P1Q3p/7P/1P3PP1/4K3/8 w - - 1 41,3,49,0.5
D3BAE7A1648A6FC4,22,63,2rq1rk1/pp1bppbp/3p1np1/4n3/3NP3/2N1BP2/PPPQB1PP/1K1R3R w - - 1 12,3,72,1.0
3275F02836EE966F,62,124,1q1r4/1p2bpk1/pNbppp2/P5r1/1P1QP2p/1P3B1P/2R2PP1/2R4K w - - 5 32,1,-23,1.0
9F9EF734FB628F14,95,147,3b4/3n1pkn/b7/p1p2q2/P1PpB1p1/1Q1P2P1/3B1P2/4NNK1 b - - 1 48,3,-14,0.5
5EF438B38C1911EB,113,146,3R4/5p2/8/2p3pk/6r1/7p/2K5/8 b - - 1 57,3,-1213,0.0
D009E862FD058AA2,117,269,8/1B1n4/3k1p1p/4pPp1/1n4P1/2N1P2P/3K4/8 b - - 26 59,3,-7,0.5
FBACF695F1EABA69,32,190,r3k2r/1b2qpb1/p3pn1p/1pnp3P/6p1/2PBP1B1/PP1NNPP1/R2QK2R w KQkq - 0 17,0,-44,0.0
FCAE2102EB954206,23,63,r4rk1/ppp1qpbp/2n1b1p1/3np3/4N3/PP2P1P1/1B1PNPBP/R2Q1RK1 b - - 0 12,3,-33,1.0
A5B41E2FDCA3A529,72,102,4kr2/5p1Q/B3p3/P2bP3/1p1r3p/2n2P1P/3b2P1/4R2K w - - 3 37,1,-428,0.0
D6B9A969EDBC9353,94,134,8/5pk1/4pn2/r7/2R1P3/5KP1/2R5/8 w - - 3 48,3,339,0.0
E13BEBD4ACC07BF1,48,77,2k3r1/ppr2p2/3p4/2qp4/8/7R/PKPQ1PPP/3R4 w - - 2 25,1,-64,1.0
58825A965AA850BE,70,106,8/6bk/6p1/4pp1p/r2p4/3P1PPP/2RN2K1/8 w - - 1 36,3,-141,0.0
A9C8DA095D2A815E,49,89,r1bqn1k1/p5rn/1p1p3b/2pPp2p/1PP1Ppp1/PNN2P2/R1K2BPP/Q3RB2 b - - 3 25,3,-124,0.5
884F877DD3B4EAD8,72,117,8/5pk1/3qpn1p/pP6/2Bp2P1/1P4P1/P3Q1PK/8 w - - 1 37,3,41,0.5
4E151FEF1D68E0AA,27,113,2kr3r/pp1qppb1/2n3p1/2p4n/2NpPP1p/3P1N1P/PPP3P1/R1BQ1RK1 b - - 8 14,3,-148,1.0
B32BA1D4BB41BDB8,45,122,r5k1/2q2pbp/rpp1pnp1/2Pp4/1P1P1P2/1RN2NPP/2Q2PK1/1R6 b - - 2 23,3,-32,0.5
6D0C5854C2B1D875,29,109,1r1qk1nr/p1p2pb1/2ppb3/8/2N1P1p1/2PB2P1/PP3P2/R1BQR1K1 b k - 0 15,1,53,0.5
502CF3D6B50E7B57,41,231,r1kr4/3n2pp/2p1np2/1p2p3/pN2P3/P3RP2/1PP1N1PP/2KR4 b - - 3 21,1,-31,0.5
FF3FEE28E7984AC2,37,89,3q1rk1/2p2ppp/3p1n2/4p3/4PP2/6P1/rP2Q1BP/2RR2K1 b - - 0 19,3,-197,0.5
42FEDEA2C119E139,27,63,r1bq2k1/pp1n1p2/2p2n1p/3p2p1/3P4/2NB1NPP/PPP3P1/R3Q1K1 b - - 0 14,3,56,1.0
28D9826E126DC0AE,32,72,r2q1rk1/2p2p1p/p3b1p1/2bpP1N1/Ppn5/8/1PB1QPPP/R1B2RK1 w - - 0 17,3,-82,0.0
1EFCCE2E14B615E4,172,188,8/5p1k/6p1/1K6/3q3p/8/8/8 w - - 0 87,3,-4051,0.0
9D4D80554A67528D,23,117,r1b1k2r/1p1nbppp/p2ppn2/6B1/4PP2/qNNB4/P1PQ2PP/4RRK1 b kq - 7 12,1,-104,1.0
3862EDB3BB0B90D0,89,118,5r2/4k3/1p1n4/p2Bp3/5bP1/B2R3p/P7/7K b - - 3 45,3,-176,0.0
E538F914B49B0203,147,192,6k1/6p1/8/2R3P1/1R5P/P7/1K4b1/7r b - - 0 74,3,731,1.0
F477EF53DC8BB44A,83,161,3b2k1/3n4/4b1q1/2pr4/p1N2RP1/P1Q2P2/3N1BK1/8 b - - 1 42,3,43,1.0
1362804128E01CFF,99,155,1r6/p7/P1p1n3/3pPrbk/1N1P1p1p/2P2R1P/3B2RK/8 b - - 6 50,3,-20,0.5
9AA38C22E19D2801,64,128,1b5r/1p2r3/p3qpk1/P2p1p2/1P1Pn1pP/2N1PN1P/2R2PQ1/2R3K1 w - - 1 33,3,-42,0.0
44A1015786343394,43,60,r5k1/2p3pp/3bp3/pr6/2R5/1P2B3/P4PPP/3R2K1 b - - 2 22,3,69,0.5
CA5ED875BDA927D1,120,241,8/1BQ5/4pk1p/8/1p6/1q6/6PK/8 w - - 9 61,0,374,0.5
BCCBE8779213CF73,49,77,r4rk1/qp1n2pp/3p4/1RnPpb2/p1N5/2N1QPP1/P6P/4KB1R b K - 1 25,2,-173,0.0
138A587841999D7A,68,127,4b3/p3r2k/2R5/3n3p/Nr1PpP2/1P5P/P2R1PB1/6K1 w - - 1 35,3,233,1.0
541151F890584A94,27,80,r1bq1r1k/pp2b2p/1np1pp2/P4p2/3P1Q2/2N2N2/1PP1BPPP/R4RK1 b - - 0 14,3,81,0.0
26BCD2877C90B5F4,110,193,1r2r3/3q1pk1/1pn2b1p/3p2pP/P2pP3/R2P2P1/1Q1BNPK1/2R5 w - - 0 56,3,-7,0.0
861E22E5475B750F,128,148,8/1p6/8/8/2P2bK1/1P2kp2/8/8 w - - 3 65,3,-1526,0.0
B76048ED580D3C9D,69,138,7r/3r1k2/pq2pp2/2pn1p1p/Pp3P2/1P1PP1PP/2RN1Q1K/6R1 b - - 3 35,3,-101,1.0
40CFA834409537CA,132,315,5b2/Q4P1k/2N3p1/3p3p/4n3/8/5r2/3K4 w - - 18 67,3,-193,0.5
517736A4C466323B,56,130,3r1r2/1ppk4/2n5/p1P4p/2PpR1pP/6B1/PP4P1/4R1K1 w - - 2 29,1,-104,0.5
C2FD26719975F352,143,161,8/8/k1p5/b3B3/3P4/2N3R1/b1K5/5r2 b - - 1 72,3,-116,0.5
5508F6632825EEF9,44,72,4rbk1/2p2q1p/3p2p1/p1p2b2/N1PB4/1P3P2/P2Q2PP/3R2K1 w - - 0 23,3,43,0.5
8C2EE92D96095AC0,98,160,5k2/2Q2Bb1/5n2/7p/7P/4p1P1/4P3/6K1 w - - 7 50,3,2381,0.0
74C9B77855697886,48,77,6k1/p5pp/1p2p3/5p2/3P2n1/P7/1P2K2P/2R5 w - - 1 25,2,229,1.0
07E3C87E082857CE,53,99,r4rk1/pbq3b1/1pn1p1p1/2P1PpQ1/5P2/2P2B2/P2N2PP/R3R1K1 b - - 0 27,3,-207,1.0
17D7D7082558753A,166,241,8/kP4p1/P5Kp/2n4P/6P1/2b5/8/5B2 w - - 25 84,3,-128,0.5
395B20D70E76D8EE,83,154,8/1p4p1/p4pk1/3p1n1p/3Pq3/1P2B2P/P2Q1PP1/7K b - - 3 42,3,-98,0.0
83E660BF143835D2,149,269,5k2/8/2p2p2/4p3/1P2P3/2Pq1P2/5K2/4Q3 b - - 4 75,3,116,0.5
59A89EDFE7B36F0A,23,304,r1b2rk1/1pq1bppp/p1n1pn2/8/3P4/PBN1BN2/1P3PPP/R2QR1K1 b - - 2 12,3,-13,0.0
19AD93BB2FD20C47,132,143,8/5k2/3p4/P2p1p1K/3B1Pr1/8/4b3/3R4 w - - 21 67,1,-95,0.0
38401C649CE620AB,18,70,r2qk2r/1p1bbppp/p1nppn2/8/3NPP2/2N3P1/PPP3BP/R1BQ1RK1 w kq - 1 10,1,21,0.0
5B2836E1A663D28E,78,150,4q1k1/3r4/2pp4/2p1rPp1/P1P1PbPp/1P1R4/4RB2/4Q1K1 w - - 5 40,3,198,1.0
245C5AC8D790998F,106,123,8/r6k/r7/8/2R2P2/6PK/8/8 w - - 1 54,3,-101,0.0
3E6DC2337D7EA54D,97,156,8/1p6/p3k1p1/P4p2/4p1pP/4P1P1/R4N1K/2r2b2 b - - 5 49,3,-567,0.0
365FE79B04F1EA5B,21,94,r1b1k1nr/2p1p1bp/p1p2pp1/8/1qpP1P2/4PN2/PPQN2PP/R1B1K2R b KQkq - 3 11,0,41,0.0
922BB5BD33881D1E,27,161,r3k2r/pp3pp1/2p2np1/2b5/P1B1P3/2N2P2/1P4PP/R3K2R b KQkq - 0 14,0,-86,0.5
9D191372C21FC632,74,119,3r2k1/b4pp1/7p/1q6/p2pQ3/3N2PP/1P2RPK1/8 w - - 0 38,3,-53,0.5
5AB472552E637EBB,118,217,4q3/2r4k/2p1pn1p/1p6/3PPPp1/3NQ1P1/P1R4P/6K1 w - - 10 60,3,364,1.0
2821F4816FCED45C,59,129,4qnk1/p5b1/1pr1b1pp/8/N1Pp4/BP1P3P/P5Q1/4RRK1 b - - 3 30,3,196,1.0
67C1A49FCE96CA1D,81,113,5k2/4r2n/1p4QP/p1b1N1P1/P2n1P2/3P4/1P6/5K2 b - f3 0 41,3,945,1.0
0627D3A00DC3C4F5,35,53,r1br1n2/1p2q1kp/2p2pp1/p1n1p3/4P3/3BQNNP/PPP2PP1/R2R2K1 b - - 1 18,3,-47,0.5
E5859305C799AE15,72,111,5rk1/Q2b1qp1/2p1p2p/R2pP3/pP5P/P2B2P1/K1P5/8 w - - 0 37,3,233,1.0
60C8BA4B3DBAA1F9,97,118,4r3/5pp1/3p3k/p2PnR1P/8/P3b3/2P1B3/1K1R4 b - - 2 49,3,7,0.5
5B173FC27AC08ECE,27,72,r1r3k1/p4pp1/b1p1pn1p/q2p4/1bP5/3BPN1P/PPQ1NPP1/R4RK1 b - - 0 14,3,-19,0.0
B233FB6BF3FF2955,35,105,1rb2rk1/4bppp/p1nppn2/q4P2/Np2PB2/1B4N1/PPP3PP/R2Q1RK1 b - - 3 18,3,-38,1.0
F31D1EB3A6C29142,117,178,3RQbk1/3n1p1p/6p1/1q1P2P1/7P/1P6/K2B4/8 b - - 8 59,3,725,0.5
71870251608D6AD1,49,123,5rk1/2q1bpp1/1N2pnn1/2P4p/2Q5/1N2B3/PP4PP/3R3K b - - 1 25,3,89,0.5
2747103D9043BC82,89,107,8/8/1r6/3k1bp1/8/3p1P2/1P1K3R/3N4 b - - 7 45,3,-15,0.5
3653D33F1DD4E166,131,211,8/4k2p/r7/2KP3P/8/8/8/5R2 b - - 26 66,3,219,1.0
AAF0E0C95D5B5D86,38,110,rr4k1/pq2ppbp/6pn/8/Q7/1PN4P/P1PB2P1/2KRR3 w - - 2 20,3,18,0.5
F825F28D6148D91D,36,107,r4rk1/1pp3qb/n2p1n1p/pN1P2pP/2P1p3/PP4N1/3QBPP1/3RK2R w K - 3 19,2,85,1.0
9423FE5BD793B953,83,116,4R3/8/p1r2k2/Pp1p1Pp1/6P1/4K3/1P6/8 b - - 8 42,3,213,0.5
4725EE651418D696,41,62,2k4r/pb2bp2/1pp1p3/5p1p/2Pr2n1/1PN2BNP/P4PP1/2K2R1R b - - 0 21,3,-385,0.0
24C233B57A6D4251,22,156,rnb2rk1/pppp2pp/8/3P1p2/4n2q/2PBN3/PPQ2PPP/RN2K2R w KQ f6 0 12,2,143,0.0
AA19734679F6A6F8,148,309,8/5k2/R3p3/4bpB1/7P/3K4/8/5r2 w - - 12 75,3,-104,0.5
3FCC689CB65006C6,74,92,n3nr1k/5pp1/1b1p3p/3P1NPP/1pBB1P2/pP6/P7/1KR5 w - - 5 38,3,341,1.0
E50DB6F7238710B8,52,129,r1b1nbk1/2p3r1/p2p1q2/3Pp1pp/PPN1Pp1n/2R2P1P/4BNP1/3QBRK1 w - - 1 27,3,22,1.0
0ACCAEE87D2B3768,54,120,3r4/p3p2p/1np2kp1/2Rb4/1P6/P4P1P/4BKP1/3N4 w - - 5 28,3,109,0.5
C2119AC1FA1C3564,82,131,2r5/R1pb4/1p1p1np1/3P1p1k/2P1P2p/2N1KN1P/6P1/8 w - - 4 42,3,110,1.0
7D656D473C3F2E9B,30,247,r2q1rkb/2pb1p1p/1p4p1/2pPp2n/p1P1P3/2N2NPP/PPQ1BPK1/3R3R w - - 2 16,2,103,0.5
E8E99DE09BC102A6,68,164,8/4bk2/8/p1p1pp1p/PpP5/1P3PPP/3BK3/8 w - - 5 35,3,29,0.5
F1C198AAEDF895BA,78,102,8/4kp1p/6p1/3P4/4P1P1/1q3P2/3Q2KP/8 w - - 1 40,3,508,1.0
87E5411FA7923185,61,173,b4rk1/2N1bp2/5npp/r2p4/p1pB4/4P2P/PP2BPP1/2RR2K1 b - - 6 31,3,50,0.0
23E18F5D1512F39C,69,148,4r3/5pk1/5q2/1p1Pp1p1/p2nB1Q1/P5P1/1P3P2/4R1K1 b - - 5 35,3,92,0.5
D85F9D419E5D8CCB,26,46,r3k2r/p1qppp1p/2p1n1pb/4P3/2P2P2/2NQB3/PP4PP/R4RK1 w kq - 1 14,1,193,0.0
772473E7AF7FF046,54,151,1r6/5pk1/1r3n2/1pNpn2p/1P6/4P1PK/4BP2/2RR4 w - - 1 28,3,117,1.0
47891468BB9D4815,62,94,r7/pp3pkp/2p1n3/3p2P1/P2qr3/Q4R1P/1P6/R6K w - - 2 32,3,-890,0.0
3CDAEE71F703D686,58,98,2r5/8/p1bk2rp/1p1pp3/7R/PP3B2/1KPR2P1/8 w - - 0 30,1,-115,0.0
5C2C729CB2385DBA,94,175,2R2bk1/3r1p2/3Np3/4P1p1/8/Pp4P1/1B2KP2/8 w - - 0 48,3,735,1.0
B6EA7D90EDA865C7,47,85,1nqr2k1/2r2pp1/1p5p/pP1PP3/2p1N3/8/P1Q3PP/3R1RK1 b - - 0 24,3,167,1.0
A21F41DD4E65ACD8,121,400,2R5/1p3k2/p1b2p2/P2r3p/8/2B2P1P/1P2K1P1/8 b - - 51 61,3,214,0.5
A0B3CA8309545ABC,63,116,2r3k1/5p1p/p2qp1p1/3P4/2P1Q3/6P1/P2R1PKP/8 b - - 1 32,3,205,1.0
BB58CF5240A4A4F1,70,121,r7/1pk2ppp/2p1p3/pq1nP3/3Q1PP1/R2P1BKP/8/8 w - - 1 36,3,-256,0.5
D174467BE483E44B,27,99,r2q1rk1/1pp2ppp/p2p4/2bP1b2/8/1P4PP/PBP2PB1/R2Q1RK1 b - - 1 14,3,-29,1.0
61478A2C49E75377,71,164,3q2k1/1p1r2p1/4p1b1/p4p2/2PBpP1p/bPQ1P3/P5PP/5RKN b - - 1 36,3,-133,0.0
B85D5D2447310847,69,122,r5k1/p4p2/1pr1p1p1/2N5/5P2/1P2PBPP/PbR5/6K1 b - - 2 35,3,66,0.5
D7D533D632117848,99,175,5r2/2p3R1/8/p2KNk2/3B1Pp1/6Pp/r6P/8 b - - 13 50,1,149,1.0
13202906D3A8C2E8,50,176,r3k2r/4bp2/q3p3/1pppPpQ1/5P2/P5RP/1PPB4/1K4R1 w kq - 2 26,1,47,0.0
37B0C63A252401E6,62,151,5r2/1pk3r1/p1pR3R/4pbp1/8/4K1PP/PP4B1/8 w - - 12 32,3,-57,1.0
96E81514C3472699,37,208,1r3r1k/2p2pp1/p2q3p/3Bp3/P2b4/1P1P1QP1/2P2P1P/4RRK1 b - a3 0 19,3,96,0.5
6825C5BE9A5783FC,40,145,r3kb1r/p2p1pp1/1pb2q2/3B4/4P2p/P4N1P/5PP1/R2Q1RK1 w kq - 4 21,1,41,0.5
049028184F3563CF,72,129,4r1k1/2n2p1p/pq1r2p1/4p2P/3bQ3/1P3BP1/5P2/2RRB1K1 w - - 0 37,3,-88,0.5
234D4FBDCF2A34F8,24,80,r1b1r3/ppp1bkpp/2pn1p2/8/8/3P1N2/PPPN1PPP/R1B1R1K1 w - - 4 13,1,-87,0.0
D8B0036F30F6EFFE,59,117,6k1/4r3/1p1r3p/p1pP2p1/P3n1P1/5N2/1P6/3RR1K1 b - - 0 30,3,-167,0.5
B70AEA03B4CFD295,85,104,2b5/5k2/4p3/3pn3/5P2/8/P4PB1/6K1 b - - 0 43,3,-516,0.0
A6BFE05525D5EBE8,48,126,1r6/1b1p3k/1bn2p1p/1p1B4/p2pPP1P/6R1/PB3KP1/3R4 w - - 0 25,3,433,1.0
3EE2277144F7A897,73,128,4rbk1/1rqb1p1n/6p1/1ppPp2p/2p1P3/2P1QNNP/RP3PP1/R4BK1 b - - 17 37,3,145,0.5
5FD8123DDF997841,214,328,7R/1B6/3k1K2/5P2/8/6rp/4n3/8 w - - 5 108,3,-11,0.5
6E70CBF5A6A228B5,22,71,r1b1k2r/1pq1bpp1/p2ppn1p/6B1/3RPPP1/2N5/PPP1Q2P/2K2B1R w kq - 0 12,1,-3,1.0
1020D7FA9EF3E3BF,104,138,1nB5/4R3/1kpb4/p7/P7/2PK2p1/6P1/8 w - - 5 53,1,506,1.0
E9974F0D2CBCA496,95,158,1r6/8/2p1np2/4p1p1/pkP1P1P1/3R3P/P1P5/2K2B2 b - - 24 48,1,-91,0.0
C02D737B514EB007,61,106,3r2k1/5pp1/p3q3/2Qn3p/1B1R4/7P/1P3PP1/6K1 b - - 13 31,3,63,0.5
E8A779857CC7A80F,53,163,r3k3/pp2p1b1/2p3q1/2Pp4/6P1/1K6/PP2Nr2/R1BQ2R1 b q - 0 27,1,-569,1.0
43A8F61F33070AF4,97,149,8/p1kb4/6p1/3r4/1P3RPP/8/5K2/8 b - - 12 49,1,-374,0.0
634D3C45E2C8BEB2,34,112,r4rk1/pp4bp/n1p2pp1/4p3/2P3bN/1P1PP1P1/1PN3BP/3R1RK1 w - - 3 18,3,-92,0.0
CB779F1CC2C29AAC,19,132,rnbqk2r/p2p1ppp/1p2pn2/1Nb5/2P5/PP2PN2/2Q2PPP/R1B1KB1R b KQkq - 0 10,0,79,0.0
D4545949EDE96A21,123,230,8/R7/2r3k1/5p1p/2p2P1P/1p4PK/1R6/8 b - - 0 62,3,207,0.5
6E7EC17FD1FB4025,72,153,5rk1/p3npp1/Pp2b2p/1B6/5P2/qr1R3P/4QBPK/3R4 w - - 8 37,3,-11,0.5
9944E002072E7491,49,149,2rr4/p3k1p1/4p2p/2pn4/4BP2/PP4P1/7P/2R1R1K1 b - - 2 25,3,36,1.0
3D1203642DE854CF,44,100,rn2r1k1/pn2qppp/R1b5/2p1P3/2P5/3B1NBP/2P2PP1/3QR1K1 w - - 3 23,3,325,1.0
99DF86F259D75BE1,64,122,6k1/p3np2/1p5p/8/1P2p1pN/P5P1/4PP1P/5K2 w - - 0 33,3,26,0.5
4CF346614F0EDADD,137,184,8/2k5/2P5/5p2/3b4/pK6/6Bp/8 b - - 3 69,3,-664,0.0
F06082B1FEFA9F90,91,127,8/7p/p1p1k3/4P1p1/P3KpP1/2N1b2P/8/8 b - - 1 46,3,-237,0.0
9CA5A41031F23599,76,177,8/1R3pk1/6p1/r6p/8/4P1PP/5PK1/8 w - - 0 39,3,191,0.5
6A5CCEA4429E33A8,45,136,5rk1/p3q1bp/1p1p1n2/1P1P1P1p/1P2p3/1Q2B2P/3N1PP1/2R3K1 b - - 0 23,3,212,1.0
B0A18829A5B56CE4,126,141,8/8/2k5/4R3/1P3P2/8/5P2/6K1 w - - 1 64,3,2214,1.0
D15E02541262BFFE,98,168,1K6/B3nk2/4b3/1P3r2/P7/5R2/6P1/1r6 w - - 6 50,2,-808,0.0
79A6B8D70DF15A39,127,200,rQ6/P5pk/5p2/7p/4p2P/4P1P1/2q5/5R1K b - - 32 64,3,279,1.0
00A715D30F968822,40,176,r4rk1/p5pp/3p1q2/1ppPnp2/2b2Q2/2P3P1/P1N1PPBP/R3R1K1 w - - 0 21,3,-100,0.0
AE86CFE4D07FCBAF,63,132,6n1/1pr2pk1/1N2r1p1/1Rp1p2p/P3P3/4P3/1P4PP/5RK1 b - - 6 32,3,23,0.5
4FD2D5C769998AB5,239,330,4b3/4k3/4r2p/3Q3P/5K2/8/8/8 b - - 1 120,3,240,0.5
F6C7183E7C1FC116,12,134,rnbqkb1r/pp3ppp/3p1n2/2pPp3/2P5/5N1P/PPQ1PPP1/RNB1KB1R w KQkq e6 0 7,0,84,1.0
E4C8285476001EC1,173,207,8/8/6P1/8/1pk5/p7/8/1K6 b - - 2 87,2,1145,1.0
E4199E07C4A5E676,51,125,2r2r1k/5Pp1/3p1b1p/pQ1B4/3qP3/3p4/PP4PP/3R1R1K b - - 0 26,3,241,1.0
E1DDB8A50CF26814,82,113,R4bk1/1p3pp1/p2r3p/P7/1P4P1/4N2P/5P2/6K1 w - - 0 42,3,84,0.5
F18ACEDCE5B6F950,22,129,r4rk1/p3ppbp/2p1bnp1/2qpB3/Q1P5/2N1P3/PP3PPP/R3KB1R w KQ - 0 12,2,5,1.0
5613A2F819B9AEF6,52,108,r7/p2k1ppp/1n2p3/1R1pP3/p1pP1P2/2NnBK2/P5PP/8 w - - 1 27,0,-315,0.0
898F5286C7BC7F69,101,121,8/4BR2/2kbp3/p7/8/4PPr1/4K3/8 b - - 2 51,1,-91,0.5
FB084E8F84E1767F,106,156,4N3/8/6k1/4p2p/5p1P/5K2/r5P1/8 w - - 2 54,3,-730,0.0
B06639052A7AC99B,85,124,2r1r3/5Qpk/pp5p/5P2/8/7P/6P1/6K1 b - - 1 43,3,-291,0.0
17AF141FFABCEAF1,110,129,8/3qp1k1/PB3bp1/1P6/4Q3/6P1/R5K1/2r5 w - - 1 56,3,891,1.0
DFC9E27F4AC4574A,48,127,r2r4/p3kpQp/1p1p2pP/2p2q2/8/P2R4/1P2PP1P/R5K1 w - - 5 25,3,153,1.0
A33E20B176B172CC,66,154,4r1k1/1p2rp2/pn1n1qp1/3p3p/P2N4/1PR1PPP1/K2QR1BP/8 w - - 0 34,3,18,0.0
1E3CB6EF304EA633,27,280,r4rk1/ppp2pp1/2n3qp/1Q1p1b2/3P4/2P1P3/P3BPPP/R3NRK1 b - - 2 14,3,16,0.5
383C1F901EB273AE,112,168,8/p1k5/5p2/1P1q4/2p5/7P/6P1/4Q2K w - - 0 57,3,-9,0.5
1BFD537AD5CFBC27,61,117,6k1/1p3pp1/2p5/4Pb2/5P2/2P3PP/r7/4RBK1 b - - 0 31,3,38,1.0
8BBE3F868B44E1DC,19,94,r2qkb1r/pp1n1pp1/2p1p1bp/3pPn2/3P2P1/1NP2N2/PP2BP1P/R1BQ1RK1 b kq g3 0 10,1,4,0.5
53797EDE3DD2FF86,30,120,r4rk1/1pqbbppp/p3pnn1/8/3B4/2PB1N1P/PP1N1PP1/R2QR1K1 w - - 9 16,3,37,1.0
6F9404613E75EF6C,46,82,k6r/1p2rpnp/p1p3p1/3p1b2/3P4/1R1BPN1P/PPK2PP1/3R4 w - - 2 24,3,77,0.5
D2787A10A9FE8D27,139,198,R7/P4pk1/6p1/r5Pp/1K3P1P/8/8/8 b - - 2 70,3,313,0.5
181EAD55246E2C52,42,129,r2q1rk1/1p1n2b1/3pn3/p1p1ppP1/2P2P1p/1P1PB2P/P2QN1K1/1R1B1R2 w - - 1 22,3,5,1.0
273B115995A6B6C5,36,70,r2r4/pp3p1p/4bNpk/q7/3BP2P/1B6/PPP2PP1/R4RK1 w - - 1 19,3,-22,0.0
45A7DB847F2EF461,25,135,rq3rk1/p1pbnpbp/3p1np1/1p1Pp3/4P3/P1N1BP2/1PPQB1PP/3RNRK1 b - - 0 13,3,-45,1.0
7C448069A5DC1EAE,68,103,8/5pk1/R2p2p1/2pP2q1/1p1nP1P1/5P2/1Q2B3/6K1 w - - 1 35,3,349,1.0
D2CA226C8EB73517,14,142,rnbqkb1r/p4pp1/2p1pn1p/1p6/2pPP3/P1N2N1P/1P3PP1/R1BQKB1R w KQkq - 1 8,0,-10,0.0
57C9829D47C79484,29,178,2kr3r/pp3ppp/2nbpn2/7b/3P2P1/1PN1BN1P/1P2BP2/R2R2K1 b - g3 0 15,3,45,0.5
FACA8B949A7AC0B6,69,221,q4nk1/5p2/4pb2/1nNp1bpp/1P1P4/6PP/4NPB1/B1Q3K1 b - - 2 35,3,-88,1.0
9EEE00EBF682FACF,122,138,8/8/4p1B1/3p3P/3P4/1P1KPk2/7r/8 w - - 1 62,2,-5,0.5
3042704961067A74,34,217,r4r2/1pp1nppk/3b1n1p/1P1pN3/p2P2P1/P3P2P/3N1P2/R1B1K2R w KQ - 0 18,2,39,0.0
CA2F2EFAC67DC675,77,243,8/2n2pk1/ppq1p1p1/2P1P3/P1Q1NPP1/5K2/8/8 b - - 0 39,3,27,0.5
637324B5A02FCACC,55,134,2r1r1k1/p1P2pp1/2QBp2p/P2n4/6q1/2p3P1/5P1P/2RR2K1 b - - 0 28,3,-23,1.0
2359D841AE730C50,82,116,8/7p/2n2kp1/5p2/R1P5/2r2NP1/5K1P/8 w - - 2 42,3,-85,0.5
92224765154AB7D5,116,141,8/3k4/r7/p5K1/8/8/R6P/8 w - - 10 59,3,-51,0.5
77DCAA23CAE03A3B,21,80,r1bqnrk1/pp3pbp/3p2p1/n1pPp3/2P1P3/2N3P1/PP1NQPBP/R1B2RK1 b - - 2 11,3,91,0.5
AD85C8375B28E953,55,83,5k2/p7/4pbQp/7B/2pq1p2/P5P1/1P2PP1P/6K1 b - - 3 28,3,288,1.0
D62FDA250A1EF182,121,138,8/7p/4N3/p4KPP/1nk5/8/8/8 b - - 0 61,3,17,0.5
819F70D93D0EB484,274,323,3k4/R1n3p1/r3p2p/7P/4N2K/5P2/8/8 w - - 64 138,3,-49,0.5
E3DD785B982DE7EC,92,136,8/6p1/5p2/pr4p1/p1Nk1n2/P4P1P/2R3P1/3K4 w - - 19 47,3,-286,0.0
ADBFA1C937491639,51,97,3r1rk1/bpp2pp1/p6p/P7/1P1P1nq1/5N2/1BBN1P2/2RQ1K2 b - - 0 26,3,-653,0.0
104CFB85D6CE331C,41,64,4k1r1/1pp1qnpp/p1p2p2/5P2/1bNQ4/2P1B3/PP3PPP/5RK1 b - - 0 21,1,212,0.5
9A64BA3A64045CD5,101,124,8/8/6p1/4B3/6P1/5k1P/7K/2r5 b - - 4 51,3,-260,0.0
CD93F3AEE7FD6CF0,76,172,4k3/3n2pp/1p6/p5N1/P6r/1R6/1P4P1/6K1 w - - 0 39,3,-101,0.0
B1F664D8DBF41230,39,172,2kr4/1p1r1p2/p3pQ1p/q7/5P2/P1N5/1PK3PP/5B1R b - - 0 20,3,36,0.0
D9F09B11D4816B93,30,95,2rq1rk1/p3nppp/3p1n2/3Pp1B1/2Q3b1/P1NB4/1P3PPP/R4RK1 w - - 1 16,3,58,1.0
8D6C3CC96B627298,114,145,8/4R2P/1p4p1/2p5/P1P2P2/KP1k4/7q/8 w - - 3 58,3,-464,0.5
7D3226A57B598A1D,40,67,r2r2k1/pp4pp/1np3q1/3pp3/4P3/BPPQ3P/P4PP1/3RR1K1 w - - 0 21,3,122,1.0
C664A2423D10BFA2,27,176,2rq1rk1/pp1bnpbp/n2p2p1/3Pp3/1P2P3/P2B1N2/3B1PPP/RN1QR1K1 b - - 2 14,3,75,0.0
857C85ADE3ED6D0C,62,271,r2q4/1p1r1bk1/1n3bpp/pNp2p2/P1Pp3P/1PBP2P1/2Q2PB1/2R1R1K1 w - - 2 32,3,125,1.0
989DDADDFC068E61,130,156,8/2Q5/3r3p/5pp1/5q1k/p6P/3p2P1/3R3K w - - 0 66,3,-954,0.0
81952AD335BA7610,95,111,6k1/5p2/4nP2/2p3p1/2P3P1/4rB1P/3R1K2/8 b - - 2 48,3,3,0.5
F8329EAE0D7300FD,45,66,r4rk1/1bqp2pp/2pNp3/p1P5/5P2/R4RP1/PP1Q3P/4K3 b - - 2 23,2,55,1.0
9A875A4D4878193C,101,243,8/R4pk1/6p1/pr5p/4KP1P/P1R3P1/8/r7 b - - 8 51,3,-40,0.5
B56F6A45760E4A0B,109,122,8/1p6/pnr2q1k/5P1p/7R/P7/1P3QP1/KB6 b - - 0 55,3,369,1.0
141D499510C4DB40,80,186,2kr3r/2pq4/1p3p2/p3pN2/2P1P1PP/1P1P2R1/P2Q2K1/8 w - - 3 41,3,72,0.5
C5B04BCB5E4AA8FE,63,132,6k1/1p1q1pp1/7p/pNP4r/Pn1P4/1P4Pb/4RP2/4Q1KB b - - 18 32,3,231,0.0
16708D1FDDF96AB8,76,114,q7/5p1k/4pPpp/1p1pP3/1BrQn3/P7/6PP/5RK1 w - - 2 39,3,-264,0.0
AF1113BB2934574D,48,133,r1r3k1/3q2p1/2b1pb1p/2Qp4/P7/1P1BPP2/3B2PP/1R3RK1 w - - 1 25,3,260,1.0
E2C2A8F664E46385,15,136,r1bqk2r/ppp1ppbp/2n3p1/8/8/2P3PN/P2PPPBP/1RBQK2R b Kkq - 4 8,0,18,0.0
23287147D4BE9106,48,76,r1b1r1k1/1p3ppp/2nB4/p1P5/2P5/PR4P1/3N1KBP/8 w - - 2 25,3,-176,0.0
CDB427D0364EC48A,18,52,rn1qkb1r/1b3pp1/p2ppn1p/1p6/3NP1PP/P1N5/1PP2P2/R1BQKBR1 w Qkq - 2 10,0,-53,0.0
05E2674D04F0EAD5,47,113,2bqr2k/Brpp2b1/2p5/Q5n1/2P2pBp/P1N1P2P/RP3P2/6RK b - - 0 24,3,103,1.0
A9EBB995DA3D8255,28,68,r4rk1/2qbbppp/p2ppn2/1pn3B1/3NP1PP/1BN2P2/PPPQ4/1K1R3R w - - 1 15,3,-41,1.0
E0157B6D68A816EF,72,156,r6k/2p3p1/2n2qr1/PpB1pp2/1P6/1R1P1P1P/5Q1P/4R2K w - - 1 37,3,35,1.0
065E990D98317751,32,96,r1bqk2r/1p3pbn/p2p2p1/2pPn3/P3P3/2N1B1PP/1PQ1N1B1/R4RK1 w kq - 3 17,1,35,0.0
CDDAEA2FA7D98C3D,137,167,8/8/2B1k3/r4pp1/8/6P1/5P2/5K2 b - - 5 69,3,-475,0.0
A0B2D15AFDD83F98,202,213,1Q6/6k1/5q1p/7P/6P1/6K1/8/8 w - - 71 102,3,155,0.5
C368926E3CCFCCE2,18,188,rnbq1rk1/pp3pp1/3b1n1p/3p4/3P3P/P3PN2/5PP1/RNBQKB1R w KQ - 0 10,2,-12,0.0
31C0955662A307D7,66,131,2r5/1p5k/2b1p1pp/p1np4/P2N1rNP/1PP2P1R/6P1/4R1K1 w - - 0 34,3,180,0.5
BA49D663BFE462F2,259,335,8/p1K1k3/Pn5p/1P3B2/8/8/8/8 b - - 17 130,3,253,0.5
812E0012C1447D68,38,167,2rr2k1/p4p2/1pn1qnpp/2b1p3/4P3/1P3NPP/PB1NQPK1/2R2R2 w - - 0 20,3,-61,1.0
16533D3E334071F7,25,105,rn1q1rk1/p1p1nppp/1p2p3/8/3PP3/PQ3P2/1P2N1PP/R1B2K1R b - - 2 13,2,12,0.5
8B2D2918E7677A8F,12,54,rnbqk2r/p1p2ppp/4pn2/1p4B1/1bpP4/2N2N2/PPQ1PPPP/R3KB1R w KQkq b6 0 7,0,-23,0.0
C48DE27E7686C407,63,75,6k1/4qp2/4p1p1/8/P7/8/5PP1/R3R1K1 b - - 0 32,3,319,1.0
5D9D83CBD510FC83,128,146,8/4k3/1n2P3/7p/1K6/8/2N4P/8 w - - 1 65,3,213,0.0
60A4684D0D0AFA0C,39,57,1rb2rk1/p2p4/n6p/1p4p1/3bN2P/P1N5/1PP2PB1/R3K2R b KQ - 1 20,2,8,1.0
7E24A6834A1EF09C,110,124,8/8/3r4/5kp1/p7/P4K1p/1P6/4R3 w - - 2 56,3,-345,0.0
253FD22C98630DE0,46,108,2q2rk1/1R3ppp/3pb3/2n1p1b1/4P3/4PB2/1QPN2PP/4R1K1 w - - 5 24,3,40,0.5
FE9A6F7503BCF06B,30,101,4rb1r/pkpp2pp/b1p2n2/4p3/1qP5/1P2Q1PB/PB1N1P1P/2KR3R w - - 5 16,3,-51,0.5
161366670B7064B4,185,216,5K2/4P3/8/8/8/P3k1q1/8/8 b - - 4 93,3,-1053,0.0
D0BF201221AE757B,26,162,r2q1rk1/p4ppp/1pn1pn2/3p4/P2P4/2PQPP2/4N1PP/R1B1K2R w KQ - 4 14,2,38,1.0
DD57DC3C77F37E38,178,264,3R4/8/8/r6p/6p1/4k1P1/8/6K1 w - - 14 90,3,-159,0.5
825B593232138887,123,246,8/5b2/3b1k2/R1N5/6r1/4P3/4K3/8 b - - 17 62,3,-72,0.0
202AEF89852C133B,42,72,r4rk1/1bp1qp1p/1p4p1/p7/4PnN1/2PB1PbP/PP1NQ1P1/2KR2R1 w - - 7 22,3,-41,0.0
1F4398988F50B058,141,170,8/3k1p1p/2bP4/8/8/2K1B1b1/r6p/3R4 b - - 3 71,2,-2002,0.0
969B9F557E8CA3D9,141,272,8/6pk/7p/7r/2RN4/6KP/8/8 b - - 60 71,3,420,0.5
8B5D11E1577D6A73,181,273,8/8/2k1P3/6r1/1K6/8/4B3/8 b - - 8 91,0,-44,0.5
8696C0B63303BCCC,43,70,r5k1/1R3pp1/p2rb2p/P2p4/3P4/5N2/1P3PPP/5RK1 b - - 0 22,3,159,1.0
004B1A845CD17853,35,138,2rr2k1/1p1bbppn/pq1pp3/6P1/3NP2P/P1N5/1PPQB3/2K1R1R1 b - - 2 18,3,184,0.0
43084827655F57D4,21,115,r1bq1rk1/pp2bppp/5n2/2np4/8/4BNP1/PPQ1PPBP/RN2K2R b KQ - 1 11,2,-29,0.5
654C3BC988CB83BE,43,120,r1bq1rk1/6b1/3p3p/2pPpp2/B3P1n1/P1N3P1/1PQN1P2/R4RK1 b - - 0 22,3,68,0.0
BC87B0537E7246B4,83,123,r5k1/2P3p1/PB1pqb1p/4r3/8/2Q4P/6P1/1R1R2K1 b - - 4 42,3,670,1.0
50B8B62388444681,71,164,8/2R2pk1/bB3npp/P3p3/4P2P/5PN1/r5P1/6K1 b - - 0 36,3,246,1.0
34120E5090C01F7A,72,122,1r6/1p3p2/p3nkp1/3R3p/1PR4P/5P2/PK6/8 w - - 11 37,3,229,1.0
3D475561C43F6AA9,68,107,8/5pk1/7p/2R3p1/r5P1/3RPK2/1r3P2/8 w - - 0 35,2,-10,0.5
2FE4F90181FACB3C,127,254,8/8/3Nrp2/6pk/3R2p1/6P1/6PK/8 b - - 11 64,3,370,0.5
D48FA5614FA77C8F,222,279,1k2r3/1b6/1P6/1K4R1/8/8/8/8 w - - 43 112,3,-51,0.5
0AFB850706AFF6D3,45,75,r4qk1/1rp2p2/3p1bp1/1NnPpP1p/p1P1P3/P3R2B/1PQ2P1P/R5K1 b - - 1 23,3,-4,0.0
7A823E5C49C0BEA0,153,254,8/4B1k1/4K3/1p1p3p/p2P4/Pb6/1P6/8 b - - 11 77,2,-4,0.0
D633623C1A6CCCAE,116,171,1k6/8/1p1p4/R2P1p2/1P6/2n1K3/P7/8 w - - 0 59,3,144,0.0
16C7EEBBAC57558F,193,206,8/3P2pk/5p2/p1p4P/p1q5/7P/1K1Q4/8 b - - 83 97,3,3,0.5
E81360F306918ADB,78,135,5rk1/2p2qb1/2Pp2p1/p2Pp1P1/p3P2p/P6b/1P2Q3/K1NN2R1 w - - 0 40,3,-203,0.0
7C39F41015F2A4BA,104,145,8/4qpk1/r2p3p/1R2p3/2P1P1PP/rP6/p4QK1/R7 w - - 13 53,3,-235,0.5
824137B239D52C4B,185,198,8/3K1kp1/4p3/3pP3/2pP3P/2P5/6b1/2B5 b - - 61 93,1,176,0.5
1AB41F5A6C767832,37,54,r1b1r1k1/pp2q1pp/2pp4/5p2/PPP1n3/3QP1P1/1B1P2BP/2R1K2R b - - 0 19,2,-16,0.0
3C79B7EB89032DDE,46,83,r1r2n2/pb5k/2p1p1pp/2ppPp2/1qP2PP1/1P2PN1P/P1R1BK2/R5Q1 w - - 2 24,3,262,1.0
507A57B1309F0F0A,102,115,5k2/2R5/1p6/p4K2/P2p2PP/1r6/8/8 w - - 0 52,3,202,1.0
A499ABB036BD79D0,44,153,r3k2r/ppq2n1B/b3pb2/3p2pP/3P4/N1P2N2/2Q2PP1/R3K2R w KQkq - 2 23,0,20,0.5
C214C7C3722F8BBC,150,177,8/pR6/8/1P3k2/r7/8/2K5/8 w - - 6 76,1,47,0.5
ABB11A2973E1E0B2,286,400,R7/6pk/4K2p/5P1P/8/8/1b6/8 w - - 27 144,3,444,0.5
66D1D941367E02CF,82,152,5q2/2Q2pk1/2p1p1p1/4P1Np/2b2P1K/7P/6P1/8 w - - 2 42,2,-49,0.5
F0EC5CA4F3252FDC,48,128,2rb2k1/3b1pp1/3p4/1p1Np1Pp/2r4P/P1NKPP2/1P6/6RR w - - 3 25,2,23,0.5
A643D04881BA7D2C,40,111,r4rk1/1p2ppbp/1pnp2p1/2p5/P3PP2/R1PPB1PP/1P2B3/5RK1 w - - 2 21,3,149,1.0
13F376CDEEE63CBD,38,84,r4rk1/1p1Q1ppp/pq6/4p3/2b5/2P5/PPN2PPP/R2R2K1 w - - 2 20,3,-36,0.0
A06FE0E6F150C4B3,203,215,4Q3/8/2P5/p2KQ3/P5k1/2P5/8/5q2 b - - 0 102,3,2648,1.0
00B843AA59F2AA16,101,241,r7/6pk/1p5p/1P1pBp2/P2P1P2/8/4Qq2/3K4 b - - 0 51,3,-843,0.5
01F926F2B451FF0B,65,100,4n3/5pkp/4p3/2rp4/8/6PP/1R3PK1/5B2 b - - 2 33,3,-250,0.0
94998F7786C7FD50,124,145,4r3/4P3/3k3p/4RP2/1K5P/6P1/8/8 w - - 1 63,3,623,1.0
9482FA6FD8B8F2DF,116,186,8/8/1pN1k3/pP3p1r/P5r1/3R3B/7K/8 w - - 0 59,3,-103,0.5
01807D76F1236857,16,136,r1bq1rk1/pppn1pbp/5np1/4p3/P7/2N2NP1/1PP1PPBP/R1BQ1RK1 w - - 0 9,3,69,1.0
35483B753D7C3AAC,62,99,7r/kpb5/p1n3R1/4pr2/1PPp4/3N1P1p/P2BK2P/6R1 w - - 1 32,3,239,0.5
44911F4005621D0D,56,130,r2r2k1/5p2/1q2p1p1/1P2n2n/1p2P3/1N6/1P2Q1BP/3R1R1K w - - 4 29,3,-263,0.0
21ABD016014176C1,93,140,8/5k2/R7/6KP/p5P1/r7/8/8 b - - 2 47,3,451,1.0
69533B82AE4863CF,47,243,1k1rr3/1pp1bp2/p7/3P2pN/1PP1R2p/P6P/5PP1/5RK1 b - - 1 24,3,236,0.5
A7A7E4EE5A327760,69,130,4r3/p1kb4/3n4/2p2p2/8/1P1R1NPP/P5PK/8 b - - 6 35,1,-340,0.0
4245359D54CB01C1,52,143,3r1k2/1p1rpbb1/pqp4p/2p1Ppp1/P1P5/N2PBN1P/1P4P1/2QR1RK1 w - - 0 27,3,339,1.0
066583CA45B1093B,66,132,2r1b2k/1p4b1/p2pN2q/2p2R1p/P3P3/1B5P/1PP2BP1/3R3K w - - 0 34,3,137,1.0
5A9ECB798325F5F2,87,177,5r1k/1qp2r2/3p2p1/p1pNpnPp/P1P5/1PPR2P1/4QP2/1R4K1 b - - 2 44,3,45,0.5
8BD933E489A3B174,99,124,8/5p2/1p6/6k1/6N1/pP3P1p/Pr6/K6R b - - 7 50,3,-100,0.0
23DBD818AC571811,59,86,4r2r/3k4/1p2pbp1/p1p4p/1PPpRP1P/P2P1KP1/4R3/4B3 b - - 0 30,3,82,0.5
61041C0ECA29EA2A,70,103,3b2k1/6p1/p2p1r1p/Pp1Pp3/1P2Q3/3B3P/5qP1/2R4K w - - 5 36,3,182,1.0
3047F8714456EC7A,62,250,5k2/1p3p2/1p3bp1/7p/7P/P1Pb4/1P1N1PP1/3B2K1 w - - 3 32,3,102,0.5
19573065EF95D7C1,80,149,6k1/p2r1p2/1p5p/1P1pr1p1/3R1N2/6P1/R5PK/8 w - g6 0 41,3,128,0.5
A317CC57356A1040,127,151,6k1/2P1B3/1n3R2/2N4p/6pP/6P1/5P2/6K1 b - - 0 64,3,3671,1.0
3DAF816F02961957,36,119,r1q2rk1/pp2ppbp/6p1/3P4/3n1B2/5BP1/PPQ2P1P/2RR2K1 w - - 1 19,3,113,0.5
1AA4F59BE64774A0,40,115,3r2k1/pp1qbp1p/n1p1r1p1/2P5/P2PN3/3Q1P2/2P4P/1RB3RK w - - 0 21,3,-58,1.0
DED784A1FEB06933,55,82,2r1k2r/1b1q1p2/p3pP2/1p1p3p/1R6/2P1Q3/4BRPP/6K1 b k - 8 28,1,-121,0.0
E734B9253C75CDD5,27,107,r2q1rk1/pp2bppp/n1p1n3/3pP3/3P4/2NQ1NB1/PPP3PP/R4R1K b - - 4 14,3,37,0.5
7CB5D8E6973904C5,25,87,r2r2k1/pp1b1ppp/2pqpn2/4Q3/2BP4/5N2/PPP2PPP/R3R1K1 b - - 7 13,3,43,1.0
BFDD8918025B64B0,110,150,8/5k1p/8/4R1P1/3P3N/2n3r1/8/4K3 w - - 11 56,3,141,0.5
675E66F601F9E241,91,130,8/6p1/5pkp/3p4/1N6/5KPP/3r1P2/8 b - - 5 46,3,-569,0.0
468C4A91272A549A,52,172,r1r5/2P2ppp/1pN1pk2/8/8/2P5/P4PPP/3R1K2 w - - 5 27,1,-58,0.0
97A93A00535E0E7D,27,128,r2q1rk1/p3ppb1/bp1p1npp/3P4/8/2N1BPPP/PP1Q1PB1/R3R1K1 b - - 3 14,3,16,0.5
2520E5A2ABBFB691,137,163,1r3qk1/3R1p2/2pPpQ1p/4P3/1p1P1P2/4K1P1/8/1B6 b - - 2 69,3,888,1.0
2BF057857741F016,92,158,3Q4/3K1pk1/4pr2/3p3P/3P2p1/3nP3/1P6/8 w - - 4 47,3,395,0.0
1E89560B98B2F01A,24,242,r2q1rk1/1p1nbppp/2p1pnb1/p2p4/2PP4/PP1BPN1P/1B1N1PP1/R2Q1RK1 w - - 3 13,3,30,0.5
0FA100A7FD0D6126,96,170,8/3b1pk1/3p4/2nPq1r1/r7/5BP1/1Q3N1P/5RRK w - - 4 49,3,-56,0.5
72D70EF3B5733895,108,132,8/2P5/4bp1k/6pP/1p1K4/6N1/8/8 w - - 3 55,2,-215,0.0
8943DE2D53AFCDC1,35,77,r4rk1/p4pbp/b2Pq3/2p1p1N1/2p5/2P2B2/P4PPP/R2QR1K1 b - - 0 18,3,334,1.0
E96B9B18B1EF69EA,124,173,8/Q5pk/r6p/PqP1P3/5p2/5P1P/6PK/6R1 w - - 1 63,3,452,1.0
9A6C10A10C18FFBC,28,69,3r1rk1/pp1qbppp/2p2n2/4B3/2BP2b1/2NQ4/PP3PPP/R3R1K1 w - - 6 15,3,7,1.0
F2D4F83C645D8BA5,128,170,8/8/1p4p1/1r1p2k1/3Pb2p/6bP/R5P1/5R1K w - - 0 65,3,-724,0.0
FCA359D4AED7F67B,155,226,8/1p1q2k1/6p1/P6p/5P2/4Q2P/5P1K/8 b - - 29 78,3,166,0.5
92A03A053AC51BA3,52,99,r1q1k2r/4bpp1/2p1pn1p/4N2P/2PP2P1/1Q2BP2/p7/KR5R w k - 0 27,1,-23,0.5
7F355D96332DC499,109,235,2K5/2Q3pk/P6p/8/8/2q5/8/8 b - - 7 55,3,47,0.5
30E402F704428BBB,96,164,8/8/p2p4/Pp1P3p/2p1Pkn1/2P4B/1KP5/8 w - - 5 49,2,-566,0.0
42732230F160E074,76,89,2b1N3/7p/7k/1p6/1PpPB3/r2n4/7P/5RK1 w - - 0 39,3,28,0.5
DD33554274FD1D5B,111,129,8/p1r1qr1k/Ppp4p/4p1pP/1RP1Pp2/3P1Q2/2P4K/1R6 b - - 1 56,2,-255,0.0
649A0F9967EF90A4,63,87,5k1r/pp2np2/2r1p3/3p1n1p/3P1NqP/2PR2P1/PP1Q1P2/1B2RK2 b - - 28 32,1,118,1.0
7662A671C5A4552F,38,179,r3r1k1/1pp2pb1/1p1q2p1/3P1p2/2QP4/P5P1/1P3PBP/R3R1K1 w - - 3 20,3,149,0.5
F93A8F557B093F5D,54,96,5rk1/4b1pp/4q3/1P6/8/P2p2PP/5B2/R4KNR w - - 0 28,2,-986,0.0
CC48727EAC685C91,62,130,2r3k1/1b1q1p1p/pn1Pr3/1pp1Bp2/8/2NQR2P/PP4P1/4R1K1 w - - 0 32,3,8,1.0
90A5CEE10E779421,148,182,7k/5p2/5N1P/4P1p1/1p1r2P1/p5K1/2n2P2/3R4 w - - 6 75,3,-551,0.0
10E79248AFA37A9C,15,147,r1bqk1nr/1pp2ppp/2n5/p3P3/2Pb4/P4N2/1P2BPPP/RNBQK2R b KQkq - 1 8,0,78,1.0
2C7E62977388FD9A,129,143,8/8/3b1k2/5p2/5PP1/4K1BP/8/8 b - - 6 65,3,370,1.0
CEE29A9325D5652A,250,362,6k1/5pp1/4p1p1/3n2P1/3PqP2/4P3/3KQ3/4B3 w - - 85 126,3,-171,0.5
7894D5AB0B7A2CB4,103,115,2R5/5p2/1P4k1/4K3/7p/8/6r1/8 b - - 1 52,3,-114,0.5
FC463DFF772651B3,45,158,3rr1k1/pp3pPp/2p2q2/4b3/8/PQ2P2b/1P2BP2/R1B1K2R b Q - 1 23,2,-256,0.0
3F75B36DB2718A23,172,242,8/8/8/R1nk1pp1/7p/4K2P/6P1/8 w - - 30 87,3,200,0.5
CD8A03CFD3F01A3F,40,197,4r1k1/p3ppb1/b4npp/2P5/P2R4/4BNP1/1r2PPBP/R5K1 w - - 0 21,3,178,1.0
95D7A639A0054204,114,147,3r4/pBp5/Pp4n1/1P4k1/2PP1p1p/2K3b1/3B1r2/5R1R w - - 35 58,0,-158,0.0
0BF143178A10BDD9,43,57,3r4/pp2kp2/4pn1p/6p1/b2N4/2P3P1/PP2BPP1/2K4R b - - 0 22,1,-31,0.5
AC303D2CF23AACD4,175,294,7b/r6P/8/8/4k1P1/6K1/8/7R b - - 15 88,1,-1,0.5
02F60699906D3D9A,39,83,r2q1rk1/3nbpp1/pp2p2p/P1ppP3/1P1P4/1NP3Q1/3B1PPP/R4RK1 b - - 1 20,3,-37,1.0
90178BB31B703A1F,255,364,4nk2/r6p/5P1P/4BK2/8/6R1/8/8 b - - 84 128,3,260,0.5
FF3BE05EFACF64AB,35,99,r1b2rk1/q2n1ppp/p7/3N4/1P3P2/P4Q2/2P3PP/2KRR3 b - - 2 18,3,-116,1.0
C263F7A6D082A0D4,52,88,5r1k/r4pp1/p2pb2p/P1qNp1b1/1pN1P3/1P1Q4/2P2PPP/R2R2K1 w - - 7 27,3,54,0.0
E18B05B497210FB0,42,83,rr4k1/p1qn1pb1/bp4pp/P1pPp3/2P1P3/1R1B1N2/3B1PPP/Q4RK1 w - - 8 22,3,180,1.0
FA58F7D72F63C8F3,127,245,8/2k1b3/3p2b1/3Pp1pp/1B6/4KPNP/8/8 b - - 30 64,3,-260,0.5
BC0D8CDAA2A54E31,117,190,8/6r1/R5p1/3k1pP1/5K2/8/8/8 b - - 0 59,2,-54,0.5
5CEA2533DE4DE7C7,104,236,8/6pk/7p/4N3/1r6/2n3PP/p4PK1/R7 w - - 3 53,3,-741,0.0
8C81688EE8F02E1E,48,183,r5kr/1p3pp1/1q2p1n1/p3n1Np/b1Pp3P/B5Q1/4BPP1/R2R2K1 w - - 4 25,1,-280,1.0
7F3E4D9A0BC19A74,57,203,1b1r2k1/1p2r1p1/pPb1pp1p/P1Pq4/2pPN3/2B2P1P/2Q1R1P1/4R1K1 b - - 0 29,3,32,1.0
B6B8CEF1FF3CED7C,29,122,r3k2r/pp1n1ppp/2pb1pb1/8/3P1PPN/7P/PPPBB3/2KR3R b kq f3 0 15,1,109,0.0
77806EECDFF94028,171,247,r2nr1qk/2R3p1/5pQp/3P1B1P/p4P2/6P1/1R6/6K1 b - - 2 86,3,93,1.0
5BD6BF74ABD208EA,49,90,1r3rk1/5pbp/6p1/p1Nqpn2/1p6/P2PP1P1/1B1Q1P1P/2R2RK1 b - - 1 25,3,84,0.5
1460BC592BF4CFB0,17,59,r1bqk2r/pp2npb1/2n1p1pp/2pp4/2P5/2NP1NP1/PP1BPPBP/1R1QK2R b Kkq - 1 9,0,-24,0.5
8D40B61527C4E88F,113,204,8/2P2p2/4p1k1/pN2P3/Pn2KP1P/8/8/2r5 b - h3 0 57,3,-582,0.0
1813DC69ED038C0D,31,73,rn1q1rk1/5pp1/p4b1p/1p1P4/3p4/1B3N2/PP3PPP/2RQ1RK1 b - - 1 16,3,68,1.0
C663AC596FF819BE,184,334,1R6/8/5p2/6k1/8/5r1p/8/7K w - - 48 93,3,-253,0.5
520715396B1B27D4,40,181,1r1qr1k1/2p2p2/p3b1pp/np1pP1b1/3P4/1B1Q2NP/PP3PP1/R1B1R1K1 w - - 2 21,3,149,1.0
E3315865D3A8DAA9,87,125,8/4kppp/pb2p3/1pp1P3/5P1P/1P1K2P1/P6N/8 b - - 6 44,3,-152,1.0
A1854E434540C8E6,16,99,r2qkb1r/pp1nnppp/4p3/2ppP3/3Pb2N/8/PPPNBPPP/R1BQ1RK1 w kq - 0 9,1,62,1.0
72915D0C4E87F984,93,194,5r2/1p5k/1np2r1p/6p1/pP1RP1P1/P1qP1p1P/2N2Q2/3R3K b - - 10 47,3,-195,0.0
A923046B9508C5D5,46,107,r3r1k1/pp2bp1p/1q2b1pB/1p1pP3/3N1Q2/1PP4P/P4PP1/R4RK1 w - - 2 24,3,122,1.0
D1E1A66079B7C9D9,79,144,1r6/Rp1k1p2/1p1p1np1/1N1P2K1/5P2/1P3B2/Pb6/8 b - - 2 40,1,-68,0.0
CC14C40CFFBBE974,58,82,6k1/5ppp/8/8/p1r1P3/8/5PPP/5RK1 w - - 0 30,3,-268,0.0
FB6A1F879D30F9B2,86,104,8/2R2pp1/4k3/p2b4/P7/1P2KP1r/3N4/8 w - - 1 44,3,151,0.5
A974AA028D7D953F,25,76,r4rk1/pb1n1ppp/q1p1pn2/Pp2N3/1bpPN3/4PB2/1P1B1PPP/R2Q1RK1 b - - 2 13,3,-51,0.0
1B97DE8576BD6E84,81,133,2k1r3/2p1P3/6N1/7P/2R5/1pP5/1r4P1/6K1 b - - 0 41,3,-166,1.0
4BF58F6B5E554A83,14,107,r1bqk2r/1p1pbppp/p1n1p1n1/2p5/2P1P3/1PN2NP1/PB1P1P1P/R2QKB1R w KQkq - 1 8,0,-4,1.0
8E404B4F2D3DAE67,67,127,4r1k1/q4pp1/2p4p/8/1P2p3/2P3P1/P2Q1P1P/3R2K1 b - - 0 34,3,52,1.0
39CCD702E61B52AB,168,247,8/8/8/4pqp1/PP2R3/2N5/2K4k/3B4 w - - 5 85,1,586,1.0
565A73B15EBB3402,61,119,2r3k1/4r1pp/3n1p2/1p1p4/3P1P2/2PB3P/2R2PK1/R7 b - - 4 31,3,-96,0.5
47745B792571D1E8,48,244,5rk1/1p4pp/3pp3/8/r1P1P3/2q4P/4QPP1/1R3RK1 w - - 0 25,3,88,0.5
A0D5B7BD77D96408,96,118,5k2/6p1/6P1/1pR5/1P6/p5PK/5r2/4q3 w - - 0 49,3,-2323,0.0
DD9C0BE326475B2D,43,54,r3r1k1/pp3pp1/2p1n2p/8/5n2/2P1R1NP/PPB2PP1/4R1K1 b - - 2 22,3,-26,0.5
41D862BEFA0A3DAF,32,139,r3r1k1/1ppn1pbp/p2p1q2/3P2pb/2P1P3/2N1Q1P1/PP1N1PBP/2R2R1K w - - 2 17,3,97,1.0
9FC6BE04EAE47810,75,269,8/5p2/6kp/4p1p1/1b1pP1P1/1B1P3P/5P1K/8 b - - 2 38,3,13,0.5
5E619D6899D51DE7,101,148,2K5/R7/2p2P1p/2Pr3P/5PP1/8/pk6/8 b - - 0 51,3,765,0.0
0E4394ADE647A279,200,240,8/3k4/8/8/2B4p/pK5P/1b6/8 w - - 60 101,3,-214,0.5
6F518F17A2193900,30,50,2b1rbk1/2p2pp1/2n2q1p/pr2p3/3p4/PP1P2P1/2NNPPBP/1R1Q1RK1 w - - 0 16,3,-56,0.0
3DFDA1C78AFE838C,75,210,4b1rk/1pp4q/3p1p2/p2PpPrp/P1P1Rn1Q/1P3BN1/5PPR/6K1 b - - 16 38,3,-54,0.5
D46D5D04B7554E12,52,156,r4r2/3bq1k1/3p1pp1/p1p1p1p1/1p1PP3/1P1QP1NP/1PP2RP1/5RK1 w - - 0 27,3,5,0.5
4EB0C08F8AE52068,48,105,2r3k1/pp1b2pp/1n2p3/3pP3/5N1P/1P1R4/P1P5/2K2R2 w - - 1 25,3,384,1.0
0074E86692B69E8C,83,155,6r1/5p2/4pk1p/7p/2p2P2/1Nn1PBP1/1R6/4K3 b - - 0 42,3,-80,0.0
17514F2BDEA943DC,125,209,5r1k/6p1/3Q4/3KP3/PR4P1/1P5P/5q2/8 b - - 4 63,3,547,1.0
8BA642B99A88AE3D,36,71,3r1rk1/p1qnQpp1/1p5p/3R2B1/6n1/2P2N2/P4PPP/2R3K1 w - - 2 19,3,33,0.0
0E1963E559D84271,42,133,r2q1r2/4nnbk/5pp1/1ppp3p/p3PB1P/P1PP1NQP/1P2BR2/2R3K1 w - - 4 22,3,21,0.0
94013FED8A6F78D1,46,217,4k1nr/ppRr2pp/5p2/1b6/1N2P3/5PP1/P5BP/4K2R w Kk - 3 24,0,144,1.0
1AD38F1094922D28,142,195,8/8/1p4p1/1k3r2/pP6/P1K1R3/8/8 w - - 1 72,3,-119,0.0
C05A73227462AC02,38,143,r1b4r/p1p2kp1/1p3q1p/n4p1P/2PPp3/8/PBQ2PP1/R3KB1R w KQ - 0 20,0,-46,0.0
E1A9E3D7035DFD5A,78,125,5B2/5p2/pk4p1/1p1pn3/6p1/7P/5P1K/R7 w - - 3 40,1,239,1.0
61009E433003F657,67,197,3r4/pp1rbp1k/1q4p1/3pP3/nPpN1B1p/P3P2P/4QPP1/2RR3K b - - 2 34,3,139,1.0
F3E31397CCD3E740,26,87,r1bqk2r/3p1p1p/p3p1p1/1pb2P2/3pP3/1P1P4/PP2N1PP/R1BQ1RK1 w kq - 0 14,1,124,1.0
10662183B5F82C1C,25,113,r1bq1rk1/b1p2pp1/p1np1n1p/1p1Np3/3PP3/1BP2N1P/PP3PP1/R1BQ1RK1 b - - 0 13,3,56,0.5
C2F7C890410F685B,82,117,4q1r1/p3r1k1/1p1p1p1p/1PnP1B2/4PP2/4R1P1/4Q2K/4R3 w - - 5 42,3,259,1.0
F6B4201CB01EDED0,44,55,r4rk1/2q2p2/p3p3/3b2pp/Pp1B2n1/3B1N2/1PP1QPPb/R3R2K w - - 4 23,3,-25,0.5
47145C22B0FEBE29,48,66,1r4k1/p1p2p1p/3p4/5P2/B1p2P2/1P4P1/P2b1K1P/1R6 w - - 0 25,3,-58,0.0
1A564201B5DDA6DB,31,141,r3r1k1/pppq1p1p/2np2p1/8/2P5/2R1B1P1/PP1QPPKP/3R4 b - - 0 16,3,41,0.5
3FB1E25F59EBA039,100,111,8/7R/k7/p2N4/6rp/8/1K6/8 w - - 2 51,3,13,0.5
AAB68F5D102F4CD8,24,137,r1b2rk1/2q2ppp/p1p1pn2/b2p4/4P3/P1N1BP2/1PPQB1PP/2KR3R w - - 0 13,3,80,1.0
7DE19ED7CA66F064,59,160,3rn1k1/p4pp1/4p2p/q1p1Q3/b1P2B2/P4PPB/4PK1P/2R5 b - - 10 30,3,94,0.5
32ED682669A1437B,25,59,r2q1rk1/1p2bppp/2p1bn2/p1npN3/4PP2/2NP2PP/PPQ3B1/R1B2RK1 b - f3 0 13,3,23,0.5
A1C3F45462A25280,101,121,r7/3bk1p1/1K3p1p/p2B4/4P3/5P2/P2R2PP/8 b - - 5 51,2,211,1.0
1E8F2727BCB812E4,109,314,3q1k2/5p2/p4Bp1/1p3b1p/1P5P/P1Q2P2/6PK/8 b - - 19 55,3,72,0.5
477E66F647D82E7D,135,186,5k2/3R4/5Bp1/2p2rP1/r7/2P3K1/8/8 b - - 31 68,3,-257,0.0
6916F5CB67DF37DA,82,235,2b4k/7p/n1p2p2/1pP1pP2/pP2P1RP/2P5/3rB3/4N2K w - - 1 42,3,-478,1.0
63AED92AE8166234,26,149,r2q1rk1/1p1nbppp/p2pb3/8/3BPR2/2N5/PPP1B1PP/R2Q2K1 w - - 1 14,3,5,1.0
101626CA99D7D5B9,62,81,4k3/pb2n3/6rp/1pp5/4P1P1/P3NP2/1B3K1P/3R4 w - - 0 32,1,340,1.0
BA361CC4F2CE56A2,236,291,1R6/P7/rB6/4K3/2k5/8/8/7b w - - 45 119,3,305,0.5
24D1DC804B363A93,83,103,5k2/R3b1pp/3npp2/8/3B4/4PBP1/P4PKP/1r6 b - - 1 42,3,296,1.0
5A5268F59CE27B6D,19,110,2kr1bnr/ppp2p1p/2n1p3/6pq/3P4/P1N1PP2/1P1B1P1P/2RQKB1R b K - 1 10,2,68,0.5
C2806B16E69535C1,65,97,R7/p4pkp/1p2p1p1/3n4/P4P2/1n1N4/6PP/6K1 b - - 3 33,3,0,1.0
03D882E6E9C4C5E3,40,59,1r3rk1/5pb1/p2pbnp1/q1p1p2p/P1P1P3/4NNPP/1P3PB1/R2QR1K1 w - - 1 21,3,-9,0.5
A01780FC9A23235E,34,295,1r1r2k1/ppq1ppbp/4b1p1/n1P1P3/3BB3/2P2N1P/P4PP1/R2Q1RK1 w - - 5 18,3,73,0.5
364F40A02259C5F7,42,141,r4r2/p5pk/1npq4/2Npp2n/3P4/1Q2P3/PP3PPP/R4RK1 w - - 2 22,3,-112,1.0
99153EFAF44F94D8,23,118,r1bqk1nr/2p1n1b1/p2p2p1/1P1PppP1/7p/2N1P2P/PP2NPB1/R1BQK2R b KQkq - 0 12,0,-52,0.0
E83400ED34E4D982,101,137,5k2/R7/4p1p1/8/5r1P/6K1/B7/8 b - - 1 51,3,468,1.0
C900FB93336C8F76,55,124,3r2k1/5pp1/1p2b2p/pBpq4/8/P1PPR2P/1P3QP1/6K1 b - - 3 28,3,-48,0.5
D3D3A30EE5260BB4,85,123,r7/8/4kpp1/pR5p/P3PK1P/5P2/6P1/8 b - - 6 43,3,294,1.0
A9CA47F5CE71E077,60,79,1r5k/6pp/8/p1PRpr2/qbQ5/1R6/1PP2BPP/1K6 w - - 0 31,3,331,1.0
10CC1526811C37D3,35,139,r2q1rk1/pp1b1pp1/2pp4/6NQ/8/7P/PP3PP1/2R1R1K1 b - - 0 18,3,-79,0.5
2F56CB8E61AE7ABE,54,131,2q1r1k1/5pp1/1r2pnp1/1p1n4/p2P3B/2P2Q1P/BP3PP1/2R1R1K1 w - - 2 28,3,54,1.0
A90395959BFBF57F,84,154,8/1b5p/1P4p1/5pk1/1N6/p4P1P/5KP1/8 w - f6 0 43,3,-176,0.0
E06DEE0844266066,73,194,8/1p4p1/p6p/P2pk3/4n3/1NP3P1/1P2B1bP/2K5 b - - 0 37,3,-21,0.5
3CE43BB8E0368F4C,75,211,2n3r1/3bqkr1/1p1p1p1p/p1pPp2P/P1P1PpPQ/2P2P1N/1R5K/R2B4 b - - 21 38,3,-74,1.0
020EFE20092A864E,110,235,8/8/5kp1/pB6/P3P2p/3N2bP/r5P1/5K2 w - - 10 56,3,-414,0.0
5155B5375978D179,102,143,3R4/7k/5p2/1P2p3/2P1P3/2K4p/8/1r6 w - - 4 52,3,190,1.0
FC6838F9F7687451,147,230,8/3k4/5p2/1pbPpP1p/4P2P/1P6/8/4BK2 b - - 17 74,3,265,0.5
D5222908B0553C67,183,298,8/2n5/4p3/3pNk2/2pP4/p1P5/P1K5/8 b - - 38 92,3,-267,0.0
B1BF81B83866F200,123,253,8/3k1p2/p1p5/P1P1PP1p/5KbP/8/5B2/8 b - - 14 62,3,347,0.5
7C4F38484B491E87,56,79,1r4k1/2p3bp/1q1p4/p1nP1p2/b4B1P/1B2RP2/PP1Q2P1/1KN5 w - - 1 29,3,28,1.0
B224EFA096ED6BA1,109,158,8/6pk/3r4/3pR1K1/1N1Pr3/2P5/7P/8 b - - 7 55,3,-104,0.5
E2EB5DFCAA857425,69,130,3r4/5p2/2k2p2/3N4/4P1p1/2P3P1/P2p2KP/1R2b3 b - - 4 35,3,-238,0.5
4DC1541DD5D9DAD4,50,77,6k1/5pp1/1pr1qn1p/8/3B4/4P2P/1Q3PP1/R5K1 w - - 0 26,3,168,1.0
DCA2921366C0CFCC,40,133,r5k1/1p1qb1pp/1p2b3/1P3p2/r2Pp3/P3P1P1/3N1PBP/1R1Q1RK1 w - - 0 21,3,-18,0.0
80325FD72D79A382,32,62,r2qrbk1/3b1ppp/p1p5/8/3Bp3/1N4P1/PP2PP1P/2RQ1RK1 w - - 0 17,3,-13,0.5
BCB7B79B23504A3E,109,225,8/5pk1/3brp2/1q1p2p1/p2P1p2/P1Qb3P/1P1N1RP1/2R3K1 b - - 1 55,3,-214,0.0
75AC9AD83268F9AE,15,86,r1bqk2r/pp3ppp/2nb1n2/1Npp4/3P4/4PN2/PP2BPPP/R1BQK2R b KQkq - 4 8,0,17,0.5
A38D447322EFAD3B,82,157,4r1k1/5p2/1p1Q2p1/pP1Pn2p/r3Pp2/4qP1P/6P1/N4RRK w - - 2 42,3,-22,0.0
78BE95940537E182,42,53,r4rk1/1pqn3p/4pbp1/p1pp1n2/P4P2/1PP3PP/1B1PN1BK/R2Q1R2 w - - 0 22,3,20,0.5
9AF141B7318ACD7D,99,120,8/8/8/pKN2pk1/P1P5/8/2b3r1/2R5 b - - 8 50,3,66,0.5
13AF90EFD3CF1004,76,128,1r6/1p5p/3pkp2/8/PR6/1P6/5PP1/6K1 w - - 1 39,3,148,1.0
718C3D72AD3C8F98,36,117,r2r1nk1/p1qbppbp/6p1/1p1p2Nn/3P4/1NP1B1P1/PP3P1P/2RQRBK1 w - - 3 19,3,128,1.0
C730A9EF4A588641,59,103,5r2/rq2p1kp/3p1pp1/P1pP4/2NnPP2/1P1Q4/6PP/1R2R1K1 b - - 10 30,3,140,1.0
384FA9DFDE796837,113,189,6k1/5q2/5P2/pp1p1Q2/3B4/8/P2nKP2/8 b - - 4 57,3,247,1.0
505FB7C47819D4FF,32,92,rq2k2r/2pbbpp1/p2pp2p/1p1P4/4PB1P/P7/1PP1QPP1/2KR1BR1 w kq - 1 17,1,-4,0.0
EEB27EB18DED77F0,28,63,3r1rk1/2qb1ppp/p1nb1n2/1pp1p3/4P3/2P1NN2/PPB1QPPP/R1BR2K1 w - - 10 15,3,40,0.5
2D6CCA9439400A60,40,121,3q1rk1/4ppbp/n1p3p1/1pP4P/3P1Bn1/1bN2N2/4BPP1/2QR2K1 w - - 7 21,3,-115,0.0
8A26D87C3F1808EA,27,61,rnbqrnk1/4bppp/pp1p4/2pPp1PP/2P1P2N/2N1B3/PP3P2/R2QKBR1 b Q - 1 14,2,278,1.0
EE37444534095286,41,155,1nkrr3/1bp2p2/p2b1Np1/Ppp1p2p/4P2N/1P1P2P1/1BP2P1P/2KR1R2 b - - 1 21,3,-4,0.0
2852B235F83B696D,48,81,3r1bk1/p2rnpp1/qp1pp2p/8/2P4N/1P3QP1/PB2PP1P/2RR2K1 w - - 10 25,3,36,0.5
FD213D81EAF2217F,45,108,1rr3k1/3b1pp1/B1nppn1p/p1q5/P3P3/2N4P/1PNQ1PP1/1R1R2K1 b - - 6 23,3,-9,1.0
DB777A55FCD6A325,64,99,r4bkr/3q1p2/1n2p1pp/3pP3/Pn1P2P1/2N2N1R/5P1P/R1BQ3K w - - 9 33,1,53,1.0
885984473A8E1156,55,93,3q1rk1/1pQ2ppp/3Pb3/pP2p3/1nn1N3/1P3P2/2P4P/NK2R2R b - - 0 28,3,6,0.5
C61102ADF0E361B2,64,169,r5r1/2P2p1k/p6p/1p5n/2PQP2q/1B3b2/P1P3NB/1R2R1K1 w - - 2 33,3,-243,0.0
F277ACDAA9464CB3,130,156,8/8/7B/8/4k3/p4p2/2p2K2/r1N5 w - - 0 66,3,-874,0.0
9A18A33310544C9D,32,51,q4rk1/rbp1bppp/p3p3/1pNn4/3P4/5NP1/PP2PPBP/R1QR2K1 w - - 6 17,3,142,1.0
D7D14CCD74E65C69,231,279,8/8/1p2r2k/pPp3p1/P1KbN2p/5P1P/3R2P1/8 b - - 4 116,3,150,1.0
F2B43C2DABE2D37A,39,82,2rr2k1/1p3p1p/p4qp1/2np1b2/3N3P/4P1P1/PP1Q1PB1/R1R3K1 b - h3 0 20,3,19,0.0
EAFAA3519A3E5139,92,232,2q5/6k1/1pr2pp1/1Q2p2p/P1rpP2P/6P1/1RPR1P1K/8 w - - 5 47,3,-161,0.0
E36999CB0AC4D964,84,127,R7/P5pk/8/4p2p/8/r5P1/5P1P/5K2 w - - 0 43,3,362,1.0
CCDD3F61DB8137AF,80,116,1k5r/4r3/p2pQ3/2pPq3/2P5/PpN1PRP1/1P4B1/6K1 w - - 9 41,1,412,1.0
D7131C62F64F1127,76,163,6k1/4r1b1/1p1r2p1/p1p1n3/P2pB1P1/1P1P2BP/4R1K1/5R2 w - - 0 39,3,292,0.5
38DFBD77E5060CEE,25,81,r4rk1/1ppq1p1p/2npbbp1/4p3/1PP5/2NP1NP1/4PPBP/1R1Q1RK1 b - - 0 13,3,-6,1.0
A410612567A78017,28,75,r2qk2r/p2nbppp/npp1p3/4P3/2PP4/P3NN2/2Q2PPP/R1B1K2R w KQkq - 1 15,0,173,1.0
25B25457B91031C7,117,155,8/2b5/7k/3K3P/5p2/8/4B3/8 b - - 3 59,3,-2,0.5
3B9993856B7469EF,60,159,3r1bk1/1q3p2/1p2pnp1/7p/P2P1P2/PQ4P1/1B4NP/4R1K1 w - - 5 31,3,-55,0.0
A9B7D400A4EB8206,80,91,6k1/p5pp/1r5q/3Pnr2/2p5/2N2p1P/PPP4K/1R3QR1 w - - 0 41,3,-572,0.0
728FC2DF0CD6BECD,99,254,5bk1/3r1p2/P6p/6p1/8/1q6/2R3QP/2R4K b - - 6 50,3,245,1.0
7F561A843B409467,17,109,r1b1kb1r/1pq2ppp/p1nppn2/8/3NPP2/P1N1B2P/1PP3P1/R2QKB1R b KQkq - 0 9,0,23,1.0
CF08BACCC476C2B3,81,128,8/8/4kpp1/P3p2p/2R4P/6P1/R4PK1/1r1r4 b - - 2 41,1,-5,0.5
8F9A1086AF965B5F,67,94,8/1pk2ppp/4pb2/2P5/rP1NKPP1/4P3/1R5P/8 b - g3 0 34,3,216,0.0
D236D0B599DF9981,149,179,4b3/8/4k1pB/4P2p/p2K1P1P/P1P5/8/8 b - - 5 75,3,371,1.0
CABF3C1B66156D61,34,121,r3r1k1/1ppb1pp1/p1np1q1p/8/3NP3/1PP3P1/P2Q1PBP/R4RK1 w - - 1 18,3,23,1.0
580B4B99222CFA96,38,122,r3r3/pb2qpk1/1p3np1/1NppN2p/P2Pn3/1Q2P1P1/1P3PBP/R3R1K1 w - h6 0 20,3,-12,0.5
C1114D1CDCC2C6B1,90,126,8/8/2r3k1/p1p3pp/Pp2P3/1P3K1P/2P3R1/8 w - - 1 46,3,-46,0.0
C82C4B3EA5378C7A,38,120,r1r3k1/5ppp/4pn2/qNb1N3/P7/6P1/4PPKP/R2Q1R2 w - - 1 20,3,103,0.5
DE03FCBE733D6C12,166,301,8/3b4/1B3p2/4pk1p/2p4P/2P1K1P1/1P6/8 w - - 36 84,3,-28,0.5
A9F3DA836B78B82E,64,130,r7/5pk1/1nN1p1p1/1P5p/3PP2q/8/r5PP/1RQ3RK w - - 1 33,3,5,0.5
272C61EC0DA13001,270,386,8/8/4R1P1/2R5/1P6/K2k4/6r1/1r6 w - - 7 136,3,580,1.0
514A720A6638D109,106,119,8/8/8/1P2k1pp/3bB3/5P2/6KP/8 w - - 1 54,3,169,0.5
9C0252101DFA6EFC,44,93,2r2bk1/pb1q1pp1/5n1p/3prN2/1p2PNP1/P2P3P/1P4B1/R2Q1RK1 w - - 0 23,3,-72,1.0
A9F3A421A0D09733,21,122,rn1qr1k1/pb3ppp/1p1ppn2/2pP4/2P1P3/P1Q2P1N/1P2B1PP/R1B1K2R b KQ - 2 11,2,66,1.0
845D618ED0A354B0,159,200,8/3b3P/5k2/5p2/5K2/6P1/8/1B6 b - - 0 80,3,168,0.5
6A35F8ED3F71EEDF,67,107,1k6/prr2p1p/4p1p1/R7/1P2P3/PNn2KP1/5P1P/2R5 b - - 4 34,3,175,1.0
5BE6CAA7C0FA6E93,147,291,8/6p1/8/1pkP1p1P/n1p2b2/R1P5/5PB1/3K4 b - - 46 74,3,88,0.5
D8B61BCDB4A0B3C6,104,118,8/8/2p1k1p1/1p1n2Pp/1P2KB2/8/8/8 w - - 6 53,3,-518,0.0
4D1ED257CEA19F62,48,103,4rnk1/3n1pb1/pr1q3p/2pP1bp1/2P1p3/2N1B1PP/RPQ2P1N/R4BK1 w - - 5 25,3,110,0.5
AFB92E25ED3A238B,91,140,2k5/4R3/r3p3/2K4p/1P5P/5P2/5P2/8 b - h3 0 46,3,322,1.0
3F59A43D544004F7,132,152,8/4R3/8/8/r7/5k2/3K4/8 w - - 6 67,3,2,0.5
61FD517604DCEFBA,88,139,8/8/Nppk2p1/3p3p/1P1P3P/b5P1/P1K2P2/8 w - - 5 45,3,85,0.5
601E27B9EFA488EA,18,235,r1b2b1r/ppp1k2p/q4np1/4p1N1/3n4/1BN5/PPPP1PPP/R1BQK2R w KQ - 3 10,0,32,0.5
0F019AFD71012856,224,256,6R1/4k3/8/8/8/5r1p/5p2/5K2 w - - 68 113,3,-509,0.5
F46244BA6F8C8023,174,201,8/8/4K3/1r6/4k3/R3b3/8/8 w - - 56 88,3,-70,0.5
05D482FA675E2B86,13,108,r1b1kbnr/ppp2ppp/2n2q2/8/4PB2/5N2/PPP3PP/RNQ1KB1R b KQkq - 2 7,0,-34,0.0
15FAF92B8A86B326,18,75,r1bq1rk1/pp1n1pbp/3p1np1/3Pp3/8/2N2NP1/PP2PPBP/R1BQ1RK1 w - - 1 10,3,9,0.5
801C30EB4E6AE316,139,225,8/8/3k4/6Rp/3K3P/8/4b3/8 b - - 14 70,0,449,0.5
CAB27035275A1DBB,57,111,2r3k1/1p1qnppb/p2p3p/P2P4/2BN4/1P2R2P/3Q1PP1/6K1 b - - 4 29,3,33,0.5
B51F031997CAE80C,192,209,8/R7/8/8/1k6/8/p4r2/2K5 w - - 34 97,3,-484,0.5
7AB3C67330947A19,43,92,1r2k2r/1p1b1p2/3pp2p/nN2bPp1/4P3/3B3R/PPP1N1P1/1K5R b k - 5 22,1,-7,1.0
9CEF6624FF4CBF21,96,132,4B1k1/6p1/4bp1p/3N3P/3BP1P1/b4K2/8/8 w - - 9 49,1,690,1.0
F0D3C0EE576AC2A0,52,69,4b3/1p4pk/p1n2q1p/5p2/2B5/5N1P/PP3PP1/1Q4K1 w - - 0 27,3,-1,0.5
8D3F77299A0D35A4,132,179,8/2r5/3kp3/5p2/5P1P/R7/8/5BK1 w - - 1 67,3,744,1.0
BB78DECDAA94B351,30,121,4k2r/1pr1ppbp/pN1pbnp1/8/4P3/2P1B3/PP2BPPP/R4RK1 w k - 1 16,1,19,0.5
CF9D75C1920121F6,39,153,r1b2rk1/pp1pp2p/6p1/q2R4/4B3/6P1/P3QPKP/2R5 b - - 5 20,2,54,1.0
4724562D410E302D,60,116,3b4/p4pk1/4b1p1/q6r/2p1N3/P3P2P/2B1QPP1/1R4K1 w - - 4 31,3,89,0.5
6D23D85116FEEFCC,82,104,8/5R2/3p1p2/1p3r1p/1P2k3/P7/4KPP1/8 w - - 6 42,3,1,0.5
64DB2D9B3CF03C97,36,179,r1r3k1/2p1nppp/1p2pn2/p7/3Pb3/P3PN1P/1PR1BPP1/R3B1K1 w - - 1 19,3,103,1.0
39C628F73CB37007,115,162,8/3q3k/2p2Q1p/1pPbP1p1/pP6/3R4/5K2/8 b - - 13 58,3,-139,1.0
722F78C148BE6623,34,92,r1b1nrk1/pp2n1pp/1b6/1P2pp2/4N3/2PN2B1/1P2BPPP/R3K2R w KQ - 0 18,2,30,0.0
2567352BABD18077,103,238,3q2k1/6p1/7p/8/6P1/5Q1P/5P1K/8 b - - 0 52,3,198,0.5
D1AEC4EDF4BC83E8,66,160,3r2k1/5p2/p4bpp/4p2n/4P3/1P2q1PP/PBQ2RBK/8 w - - 9 34,3,35,0.5
6CE6016567827C74,27,122,rn2kb1r/pp1npp2/1qp3pp/6P1/3P1B2/2NQ1N2/PPP2P1P/R3K2R b KQkq - 1 14,0,49,0.0
44B5B411FC52C90D,36,78,r2qr1k1/pp1n3p/2p2pp1/5PN1/2P4P/1PQpP3/PB3P2/5RK1 w - - 0 19,3,-67,0.0
A50C94D2CD3ED7AE,72,94,7k/1p4R1/p3N1pp/8/P2pb3/1Pr4P/5PP1/6K1 w - - 0 37,3,2,0.5
91567E98CCA78839,24,53,r2q1rk1/pb3pp1/1p1bpn1p/2ppN3/3P1P2/2PBP3/PPQN2PP/R4RK1 w - - 1 13,3,-49,1.0
274EED2254A7849E,71,159,k6r/1p6/p3q3/2Q1p3/6p1/PP6/2PR1PP1/1K6 b - - 0 36,3,191,1.0
E0B76874AC7D4CAE,207,423,8/7p/b2k1p2/P5p1/4P1PP/4K3/5B2/8 b - - 0 104,3,153,0.5
0CE2F5B21748433F,30,80,r3k3/ppp2p1p/2n1b1r1/2b3B1/2pp4/5N2/PPP2PPP/R3Q1K1 w q - 3 16,1,91,0.0
7B1AA9315A3531F0,71,83,4r2k/3R2pp/8/4p3/4Pp2/2P2P2/Pp5P/1K6 b - - 0 36,3,164,0.5
0A739E56AEC4A971,29,98,r2q2k1/pp1n1ppp/2p2n2/3p4/3P1P2/2NQ1N1P/PP3PP1/4R1K1 b - - 0 15,3,83,0.5
C6847A75BAC7BF68,31,81,1r1q1rk1/p2n1pbp/b1npp1p1/5P2/1p2P3/3PNNPP/PP4B1/R1BQ1R1K b - - 3 16,3,-199,0.5
926CBCC16DEE2E53,72,136,5k2/5p2/3p4/3P1PP1/2qp3P/rp6/1Q6/1K2R3 w - - 2 37,1,-114,0.0
1B7B48EDAC046325,40,64,4rrk1/pp3ppp/2pq1n2/3pR3/3P1QbN/1B6/PP3PPP/R5K1 w - - 1 21,3,-61,0.0
F051F693BAF63BF0,77,168,8/2q3pk/2pb1rp1/1p5p/p2R3P/P5P1/1P1Q1PK1/4R3 b - - 3 39,3,170,1.0
0DAADA9B88F7338D,41,114,2kr1b1r/1p3p2/p1q4p/Q2p2p1/3P4/2N3P1/PP3PP1/2R2RK1 b - - 3 21,1,114,1.0
7AD2BB2BAC281272,58,119,1kbr3r/bp3p2/p2pp3/2q2P2/2P1P2p/2N4B/PP2Q2P/1KRR4 w - - 1 30,3,-138,0.5
309315598BE57DCE,72,226,1r4k1/5pp1/pb6/3p3p/1B1P3P/2P3P1/5PK1/4R3 w - - 0 37,3,116,0.5
D54584C6AC71E45C,27,278,2r2rk1/1bqp1ppp/p3pn2/1pb3B1/4PP2/P1NQ1B2/1PP3PP/R4R1K b - - 2 14,3,-29,0.5
8254AB83D58A82E9,78,141,5r1k/p3q3/4pbB1/6NP/4PP2/7P/P3b3/1R3nQK w - - 14 40,3,-151,0.0
37A2372DB509C5AB,178,225,7Q/8/2p3p1/6P1/pp6/3k4/KPq5/8 w - - 22 90,3,-317,0.0
857863B490457AE0,95,123,8/5p2/3k2p1/1K6/p1P5/P7/1P4r1/1R6 b - - 2 48,3,53,0.5
118EFA2EAA305E11,41,75,4r3/pp3pkp/2pR4/8/2b1rN2/P1P3P1/5P1P/2KR4 b - - 4 21,3,-53,0.5
5BA83AB627CBCEC5,36,73,r4rk1/p2nbppp/1pp5/4p2q/2PPP3/5NP1/P3QPKP/1RB2R2 w - - 0 19,3,67,0.5
F7CAEA8D0D4A32F4,32,79,r3k2r/p1qnbp1p/2b3p1/2p1p3/P3NBQ1/2PP2P1/5PBP/1R3RK1 w kq - 0 17,1,25,1.0
1F1884C2F3BFC031,31,123,r1b2rk1/p1q3p1/1pnbp2p/3n1p2/8/1NPQ1NP1/PPB2P1P/R1BR2K1 b - - 0 16,3,-21,0.5
A1B82D8A89341315,114,184,8/2p3k1/5n1p/4N1p1/p3r3/R6P/7K/8 w - - 2 58,3,-701,0.0
FBA4726D3D709BFC,38,55,r4rk1/p2b3p/p4q2/3Ppp2/1P3p2/P1N2P2/6PP/R2QR1K1 w - - 0 20,3,48,0.5
2A7AC7D03DBBF9EA,60,106,1r1r2k1/1P4p1/4p2p/p1B1qp2/3pN3/P6P/4QPP1/1R4K1 w - - 1 31,3,15,0.5
CB0DC5584F31DD0C,43,86,1r2qr2/p1p3kp/2p1b3/2P1n3/Q3Ppp1/2N5/PP1RB1PP/3R3K b - - 3 22,3,-227,0.0
E3148959DC0200C3,303,329,3r4/1k4p1/5p1p/p3pP1P/PpPpK1P1/1P1P4/8/4R3 b - - 78 152,3,-1,0.5
F7FE547239C6B9F8,87,114,5k2/5p1p/4p3/4b3/5r2/6RP/2N2PK1/8 b - - 0 44,3,-235,0.0
1075025D4F47CE7C,29,144,r4rk1/ppp1bppp/1nn3b1/5q2/8/1BP2N1P/PP2QPP1/R1B1RNK1 b - - 6 15,3,53,0.0
E1F667A5C68A9CC3,47,91,r4r2/ppq1b2k/n2pP2p/2p1pNpP/2P1P1Q1/8/PP1B1P2/R3K2R b KQ - 7 24,2,132,1.0
C9C1DB5FA5FCF8C1,98,218,8/2p1k3/1p3p1r/r2PnR2/5RpP/1B2K1P1/P7/8 w - - 30 50,1,-1,0.5
F84251840004562B,53,164,2qr2k1/1p1rppb1/1n4pp/pNp1PP2/P1b1B1P1/2P2Q1P/1P6/R1B1R1K1 b - - 2 27,3,89,0.0
5172B0E938398B54,65,107,5rk1/2q2p1p/2Pp2p1/p2P4/1r2PP2/6P1/1PQ3BP/5R1K b - - 0 33,3,168,1.0
6A3B281C531E8935,85,221,1k6/1p3rbR/3r2p1/3N4/1PKPB3/6p1/1P6/R7 b - - 1 43,0,765,1.0
F3E3417DF777A7B5,25,147,r2q1rk1/pp2bppp/n1p2n2/8/3P1B2/1PN2Q2/1PP1N1PP/2KR3R b - - 2 13,3,29,1.0
454C66328E7CB995,130,141,7b/4k2P/8/3BPK2/8/8/8/8 w - - 1 66,1,347,0.5
78E8977DEC28A1C1,70,123,8/1p4k1/1P1p4/2pPb1p1/q3p1P1/r3P2p/4QP1P/4RR1K w - - 2 36,3,121,0.0
80583ABC57DA3DBD,29,139,r1b1kb1r/p3qpp1/2pp4/1p2n2p/3Q4/2N1B3/PPP1BPPP/4RRK1 b kq - 1 15,1,64,1.0
696CD139746AAD59,164,200,8/5r2/8/8/8/kp6/8/1K5R w - - 64 83,0,-219,0.5
9ED7232B7CF47468,141,155,3r4/1R6/3P2P1/3k4/pB4P1/P5K1/8/8 b - - 0 71,3,1345,1.0
F632D713B9F21C7B,80,323,8/4pk2/pp1p1pp1/3R1P2/P1P1P3/1PKR2Pr/8/r7 w - - 10 41,3,-31,0.5
E3B5985F557C536A,53,135,4r1k1/N4pbp/1p2pnp1/8/3P4/1PR3P1/PB3PKP/8 b - - 0 27,3,101,1.0
C6A6EDF4895402A5,69,124,3r4/5pk1/1pP2bpp/1Pq5/2Bp2P1/1Q5P/5P2/5RK1 b - - 5 35,3,182,0.5
3CC98820064D3224,94,122,8/8/2k1K2p/7P/6P1/8/6R1/3r4 w - - 1 48,3,350,1.0
E22E8E39A6068246,23,46,r1b2rk1/pp2bppp/1q2pn2/8/2Pp4/1P1P2P1/PB3PBP/RN1QR1K1 b - - 0 12,3,4,0.5
8F25E7C72138435B,94,135,5k2/5pp1/p1r5/1n4P1/1P6/P1p1PPK1/3R4/1N6 w - - 0 48,3,118,1.0
ED4599C9D500ABD2,114,135,8/R7/P7/1PpPk1p1/1r4P1/8/4K3/8 w - - 1 58,3,573,1.0
0A5326DA47833E82,47,103,2nr1rk1/1q4np/1p1bppp1/p7/2PPNP2/P2N1Q2/1B4PP/2R1R1K1 b - - 4 24,3,158,1.0
74B267095A73F447,90,259,8/5k2/3R1p1p/1p6/1P6/P1q2BPP/4P1K1/8 w - - 9 46,3,182,1.0
4F37D8014874B1A7,61,131,2q1r2k/8/p3r1pb/2pNnp1p/1pP4P/1P1B2P1/P4PK1/1Q1RR3 b - - 1 31,3,17,0.0
C699150B053B88D6,24,128,r2q1rk1/1bpn1ppp/1p1ppn2/8/p1PP1B2/P1Q1PN1P/1P2BPP1/R3K2R w KQ - 2 13,2,-11,0.0
7AB3B48424333B6A,24,61,2kr3r/pbpq1pbp/1pn1p1p1/7P/3PP3/2P1BNP1/P4PB1/R2QK2R w KQ - 0 13,2,127,1.0
04A1C8C36DE8EFEA,56,114,6k1/1p1n1p2/p1p4p/P3P1p1/1NN1n3/2P4P/1P4PK/8 w - - 0 29,3,24,1.0
1DE2688D8244FEB7,113,139,2r5/p1r3k1/1p1q1pp1/2nPp2p/2P3bP/Q1R5/P1BN1PP1/2R3K1 b - - 0 57,3,-67,0.5
489AAD88D1CD4CDD,274,293,1k6/8/P4R2/1p6/1Pb5/2K1b3/8/8 w - - 51 138,3,-32,0.5
ABD361F7B0DCE36E,15,117,r1bqkb1r/1ppn2pp/2n1pp2/p2pP3/3P3N/2P5/PP1N1PPP/R1BQKB1R b KQkq - 1 8,0,5,1.0
368AFB36F67FAFB7,128,141,8/1p6/8/2P2n2/pK1Pnp1k/8/8/6R1 w - - 3 65,2,-288,0.0
E595829A2321E7EC,99,120,8/5p2/p5p1/6Bk/5KbP/P5P1/8/8 b - - 10 50,3,33,0.5
3F91B4B8D2648EF1,115,217,8/6k1/5p2/5P1P/6K1/r4P2/p7/R7 b - - 1 58,3,-223,0.5
BC3BF3D15A600193,69,134,2r1r1k1/pp3p2/6p1/4Pn2/3p2R1/3B1R2/PPP5/7K b - - 3 35,3,-152,0.0
B30E9610E7147658,40,189,r4rk1/1p2pp1p/pB3bp1/8/Pn6/6P1/b2N1PBP/2RR2K1 w - - 0 21,3,-100,0.5
2595D24AA87BD53A,74,203,2R5/5kpp/3p1p2/3PpP2/p3P3/Pr1n1BPP/4K3/8 w - - 4 38,3,-5,0.5
DF71E6B8BD74BA6D,118,265,8/6p1/7k/5p1P/5P1P/1P2R2K/8/5r2 w - - 4 60,3,145,0.5
BFDBB8FC17FB45E6,19,88,r2qk2r/pppnnpbp/6p1/4p3/2P2P2/2N4P/PP2PPB1/R1BQ1RK1 b kq - 3 10,1,-4,0.5
4B61CF44A8F6D98E,56,80,r4rk1/1qB1bppp/p7/3p2P1/2P1b2P/1PQ4B/NPn5/1K1R1R2 w - - 10 29,3,-171,0.0
D9758F82E27B94B4,21,121,r1bqk2r/pp2bppp/4p3/2npP3/3N1P2/2P1B3/PP4PP/R2QKB1R b KQkq - 0 11,0,26,0.5
CC48F5D3BC7B27F2,117,300,8/5p1k/p4Ppb/Pp2Q3/1P3P2/3K4/q2B4/8 b - - 11 59,3,-130,0.5
E8D658F7475CA7DC,102,140,2k5/1R4p1/p5p1/P4bP1/2KB1P2/7p/4r2P/8 w - - 9 52,0,47,0.5
A459AC93DBEFD1BC,22,116,r4rk1/ppq1bppp/2n1bn2/2p5/4PP2/7P/PPPNN1B1/R1BQ1RK1 w - - 1 12,3,70,0.5
